1000.13654730652,12yqUYtcCvDgiDgzJTT7DsSCoSifwYavhH
1000.54384254504,1Ld5LBy1NyHALcw5LQRsDsEbCTmKEeH6tv
1000.66344309025,16SXXB6hZFAL4GmwL8B8PWaiKmx3yaVVv1
1000.73140852816,17CjVRL28NVVW96WZ9fdcMi26n5CpNn2US
1000.75120426243,19Q8QrrJASfcimaeUGjxCPf68mNUn3eMAk
1000.84356658557,1A9Az6uqAYx2n1RuF7NzL17VNQuW8YWgVQ
1001.97662066655,172gdkfeddbcY3ufoUphnH9vHZrGdRfCkw
1004.67298845872,1FxbRtYxccn9UyRmXuqmQ3oHbTAc6R18cC
1005.11413862053,1QCLAjbh59BJ1ToaRaoNfMZxr5gJhEqomU
1005.56715048682,1N5ACP9k2wRUgC3siFRu45MoR9Xkvb6Wmc
1006.04341103686,3LmN1Dq5wKaN97uUcMnMVz4JG1qyveDL3J
1006.88273039906,19ebcQbmKEXkvfqsb8UtWgFuPZdLoYgNsG
1007.873720815,17cbwf4znTqn4AGaHbdJnMvhv5WbqrqgAm
1010.43215517831,36XiUoAiDFtCzm9meZvxod8XfRe9uyDeeD
1013.712593656,1DpP5Dh1TTPuL7eKnXDNsC4s1CVBsMGECL
1013.89528822514,1EYp9KHj8QaUxMPwUeW7eg7hUwnuhW3vUZ
1015.42550546012,1Lg37Ag3SsCdd89n6FnzeBxqBQrnLj5uHJ
1019.39234880106,1C64MiNidpnBNcPn26WW7237pkEb6rhowy
1020.39681779307,114JFJQGgc1BXFGkZHnhf4LKg1pXa8UWF6
1021.65056913862,12At4GGP8J5p4MtdjNy1SPSkqKEM1mw2FS
1021.97019688286,1Ctykq5qXdD1iCBkwqGMfQgaGkRjW5vRiH
1023.52388340174,3KBfHKMWMwxUr7xqm4JAtQbPgffjHB5q5D
1024.35323836739,18xVN8zpeuXMogJ6xcJKDxhHkh44DSi5Dx
1025.18092581202,15VtcSqkiSxfeU2UoRDsaqNoT2EdLi2FjA
1026.92930301196,1PAzkvLYhnPVLA4fsvwUbCQu8mPVNq3KaD
1029.52391340171,1DowZxD3BVK4EBqWoD6QaES8t277hgmWDv
1031.44767650212,1QGM4tmq4XDgxds1ScNtUAPD2L5aSFBLot
1032.62372821648,19NNyVDVqco5PRVZRqt9i7ECAP6CuyLZu4
1033.27235419265,1767UZn1QzYCobLQMzbUa4z4mkTZx84gzE
1033.79123894968,16ZS8Rmgp9rsnjfkGM6CcTyqnpxsmfv492
1033.92487749549,1GUT2NzCgVsjZj1DsBycCGXntoTTWjTiMG
1035.21778224999,3CzKd6fL7tGbfBf9Aa84GVEAxo5yvVPBLj
1035.87896723819,1KrSG2bKcZFG7EE6QabfctrT5Jx8mXrU8b
1040.47683392486,35y11K15n51ZVZKB8CYCWB9yUz1x7QrpPm
1040.8656095575,16xSAf5uYCrEgTfXxjrUgq9c5qSjZowSCa
1041.77071008755,14y7TTmJGV25SmTWpAZMJub8GmGyWTND51
1047.4572230028,1DiaYSn8vnHA94Mu2dpVQAnoUvfuG4w2Cn
1049.91028820529,143RYHqfjQQr76Sy585GdqWGxNLc8XCL2u
1050.3868752251,1KmJPvwzBeq19cB2snNxDJjndvaZx1t7Qw
1050.50105083305,3DkZpGt4onxjR78JtSXDU8Lf1JEUnZu2d8
1052.42078897855,3EzrqLuM3VR9iSsDr15oBUCxURanJf2q4A
1053.5370169782,1DJja7qgy9fwhqSMgrLFTexMuCZbQjFeSs
1054.43714491309,18YvtECDiuPj8qXwYuKixcU4grdjZB5dnm
1058.96808175977,14E4jGeo7Gys3DvQThT9AiEq3yvmcpRZ27
1059.14041785159,395eYaWAXVPrn8E71twUFGeHR8FdpxbqtN
1060.88269262843,17ac9tXHxu1nxdLgLu9WYk7vR8ggFN5GkH
1063.93250026781,1EWCUyiVkK8zxEp4N2MAt8ZVKruiKWq8BY
1064.3982233388,1JygWW5F5tJwvRekUw2gtiuov4qQSsd65V
1064.6008156923,1D6ThTF5LsC9F25PSYbHL3V8XUswgf3FUU
1069.14843380423,34TSmJymvBjZG9NKuNkcxeNUYoWC8Gvb2K
1069.82928812037,1k7rio1YLfhN2JfaAsmsy3PT2oUdqiy8J
1069.83125176312,1FHJmaZ46UsX6gZzaQQqduA5xcCcsCLcYj
1072.69951737933,1D4WzvC6sSVU2m8SGZwF55ka9r9U5vbTg
1075.04832762692,1GoqETiQ3ZrwR6sFqC6iiNzeqYmDVrnN5P
1075.61849577823,1HoDEaasMcFjZ4vuk5dks3k3RgC48qtix
1077.06874919158,18RH5x7ubrgZKnJRbz4AhUEYGWAh2TK2vV
1077.0696307595,113fUykAqRVumtAovasfwi4N6fotviPEP3
1077.06963981051,1HTBjak3XAWbCoKft7GMfYPZVSrbZjwGod
1078.094087349,17kPKTWpDKgDES6RT11Xuz2qgyLNBsDrgu
1080.37453714565,1EaChfhakuSdYdNekHZB8YHe6SdykVg8pu
1084.29898357748,1Guv325ZddypfijpQmxEAXwuchrdYrnqbn
1086.11936695519,16TeH6ANqBsek6MjXHbCfWnbwcQKJziLhH
1086.12063606,14aHSA3xnNpBYyqqZvLbTvrBYELbJhn7NL
1086.12064511101,15dBwNL23XziPSbaB9SDhong5VRAGWfiHe
1086.12088849254,3GkBfUNQ5VTZJ9nmxYQkvFJN6vAsbCniT1
1086.12109766127,1B2KQvEL2wyWiBmxg5rNbHCU4zQmGDgiwH
1086.12137398846,1BxmxuheLr8NYYuGug7YbVSRAJ6LTr3udf
1086.19918139903,3KfjeP8ghJm4M6H6kk7L5UPjojyj7ShAo8
1086.20193374638,1B4h9xmPiZxWKWogk7BYTiehmJeKjBVsmg
1086.22200731937,1BEX3mRrCuB7b4upCR43DKET1F5KDz6CTo
1086.23348670939,1ABeUbZjKBwqkovkxC6NTmrGvhAdoRtiZG
1086.40366542169,1BkD5L3qQmf8V77tttQRNuyKaBPNgLMgtP
1086.7094130058,1MVLP2kRPNqz8VJUy83LstUoMQzUjgq4Zg
1087.02573659005,1FD8UUCPe9TeEiVg8mSggMv8PaFhEM42vz
1087.02710329185,1APMXEM4SUeR9WBwvUVjAponH9vzeG2fjp
1087.58011066471,1HjazKjjrttGc3kQWGLXsSvDRUmAySYpJb
1089.73278962798,133q1T9GJwrbB8zrtQbAzyv2KhU76dtfTB
1090.59623146702,145694UvbFWfaHy9267DeGRET5BfpXHAeu
1091.86712837629,165JPvFVSTLqV8seGzY7mumNpzysVSoTKc
1092.84891300569,1BBpy9Vh2gp78XMsdd8F2bYLtdtAfpsKji
1093.74767162304,1JceWQB8rgEgW6AArWDhtXVvEnd6iw9J8t
1094.17649237872,15eSCVaJFFXbFitzNxWwUUCEwpS2dkZK2G
1099.69714401075,1BYehBZdG2hUGdVpjQSNEWysFaZTARQYVv
1100.16384250858,3Bewnk11Wy67yPj1uKkC6cAm2xLV1MPdgh
1101.51177060515,1HAKDQ77nJQxRhCdQt2jQBYnovjj6CdNBc
1102.41200753224,1AjBpTrcJrbRNB8qY5mpafdqsH1eHgwjuK
1102.64577576577,1NVGy9NnzkQFFBaUmfHwJZH2KHazrh99bD
1104.78581817704,1LPS86ksgs43knjcxxuMH3AyE8J21e3ej1
1106.16958703272,1Gvn6831dx1oXG2bJCnXh12MkP9z2eNX4q
1107.00981896252,18VfMsqJWkAvRxEhErdsk6UZFoG3WRpJ82
1109.00408369208,19StTUtzTJdJggtz3Tp1kozm9P1BsgtKQ7
1113.2736519615,33gnGdh6XRC1KnJdfbXL3JQ2KkbA8hdECC
1115.1110060375,36yfFaCbuJ15TAZo3GfAEip4PNP1ourJyZ
1116.06836707216,113ia32FwWSJuVAYYUdMgjRJjdJF33MGM5
1116.86178532899,1HwXX7Ay1BZwGGHk8qpU7FhynB7kypPXqb
1118.75575400431,1QhUXUqmXo5BVLaKsLHx8DKYDiwtkgXbh
1118.79183424396,18iJBAX3BRVZT2i5vkh73TUM9UvAN1ASE3
1120.5820965277,1Npt9w7SPutjMqHLo4KKCw1smLdgk5MEEi
1122.94908611768,39nGjubAFsmC17p1FS1KuFfPRT4n815hTz
1123.2293337796,16CqwjhwXEELBAS6YtMQGsvqtiCDrH3F6w
1124.44114434147,3A5jqyFP9FHMs3zwWJgDQtCp2c4aMLY4em
1124.74978362222,1HpELbqG3SntcYHyJgTXtHQs56p3bteG3Q
1125.20753921995,17fUENpRPPYMBti5UHRu7HCjzjF2Mi13Wy
1125.43511643914,16wF7gXAiPgp74zRGwAywPVEoKHgScUR4J
1126.2236650741,1Y6Lr71Htj7vwsG1mo5un9WBigrHcdAGH
1126.38550761139,3354yBwcd5UyP1zVPXvYQQPjGRGi3fTr3K
1126.77279101384,1KzoH6jPy7PBwjg9Wpwa7ejwzUUuTDUb11
1126.84690788605,3QjVAm4s9TmyQegBzYEgzBvqyrN6Bnra5Y
1129.04753245912,38UkindZGXXMFjTAV2p2t4YWjjeSW3GGfM
1129.65738624564,1LCAJF94Yxin9eWNx19b5BZnrnBSVstV1g
1131.2826852326,3NSHi2gUY7jiA318C1oEef8PP31vyTcheC
1131.37560192076,3HbkvN7QJ4mS9mV4nVd5WDyRF8rJMP5A5v
1131.3762594763,13AfHxL2992gywpdUQAjrarFm5XPjf7CHB
1132.18283497137,12QZkbxUDCJz7gsbyxFeWWapcWwUkNg7Ku
1132.59862100322,1NWsSMbfG6zMejUzu4M2VKbHsN2TV2H8vN
1134.20811654574,1QC4TFaTLr16qE8YJHKQB82Lom3WEvvamx
1135.90116521275,18KBTVFhkHYMNhYrUUm6kTWvKUcbwgjS3E
1136.48021528753,1B3Y6DeYyuosJu4zBkubJbDxdUAsofS3KH
1138.1021875775,3B48eVMR4LwgfY44aWBhv1jE16jgr3pfux
1141.12875283264,1KjjyBY36xDfaNZ7KqJxc1sQ9APESCXH21
1144.37791595976,16js43ZDygUY8FjNcj9mvKh8uGuXzFiVbH
1144.49981340573,1D4gE89hERz8xeKU4psWdKwH8GNTAfvdoG
1145.85604010658,1ESZYbKwtif3g319VixL82UT3gfLfJdZ2j
1146.48016122808,1CtNTbbQZDFSY3guTbwVfcmN7Dfc1Tvayt
1146.76297125676,3Kexq1TapN1Tdwxz7KrV7QA5p4VWLDt2Cc
1150.07505443844,33W4KV5iFvikPao5A8VRPm4jZv7peUVKAA
1151.05464666093,1ES1nX99NS9WPZ99DdTVsCsAZh28j4JTZ1
1153.90995045915,1EV8YeieYEZ7iksGT9jS7KdcbE12pk4FwZ
1156.03067690279,1CfJvwkrUiPyD4ayg8hQ8qsiwPxSjVYULT
1158.528678464,15hneNAYFyQXLr6Fhfb5oxBh3Mt1Ey7jE2
1158.61806719701,17kb7c9ndg7ioSuzMWEHWECdEVUegNkcGc
1160.66898990736,3GCmFBQiaa9pjWKZgNAP2YbaCvntNkuiDK
1160.72858340069,1Hr5B4sX2U7HtB3erZq4b7mbdJgpM7EsFc
1163.14469116725,1MKAm51Yu4GNgj5awaXyu8KLafpoevwUr9
1167.25078819813,1D6Qys1cxFn52V6FAhLZbFee3d5Sxz86Yo
1171.20100003624,1BmU4dAJAKEaDuj3Eswc66UxjbHWdVWu4F
1172.74251512523,1JC6XwQfMSG9CyhLGBEQAygzqG8xcFMKKj
1173.17774700664,1EKiwswyKoAyJ1ofgD4eHtKqBBq4FDyMWW
1174.82713512655,1gvrgLReaoxbat1k1CMfd2bMNf9CQomks
1175.7247093384,3D475xFXjLRzafBuLydfvJ2CVFe5C24kfR
1176.57597401827,1MLgfhSTNErnaCUUf3dkMc7tYZcNfPtCMP
1176.61350120593,1Ee3rLap7y5byLHZnkHuuJjZ2eoYNsB9t3
1176.62109759702,3Lhf1HGi3PjMQzgR5tU1J6MEwnZqWfA4QM
1176.63055416882,1DjHhrWbcUiWgVRpkJD5vfURy7iPMSYy3j
1176.630689065,17Q8J2abXgYMBmcTigmddYTAjfb4xv6Pu2
1176.630689065,18n3tShdc9KMutUyZETECXtVmJn43A5vg3
1176.630689065,1PxGwDjKYEaevBDpDSTg81Y8Qmh3WE2mph
1176.630689065,3Pj8xj3d4HozEvDPNLbxzkrXDryxU2E8uK
1176.63160321654,12bFfEEyw8MwT2oan8Tv99Cw15kYKL6aiJ
1176.63160321654,19xjndVpGTqmFAC1ZL3gV6MpxJUMkvqSrd
1176.63160321654,1F6aQVRg1aWB5K63fNcaA79o9Xoik27GM
1176.63160321654,1Kft5xoTFtee1YGrw28QDeji1CwfpYHE9D
1177.62071974854,13HSRYtVtc39wARQH6Tfke5154mhhL27Zg
1177.66686353851,1LMDCL14NW25tqBoMooZjejcWPZ6SU7y9J
1177.91167100262,152kzDqjAVuPBMmJqcWvFbB7qkvigFXSLh
1178.05429335907,3GxFVTXQokgtVaEqhpeVoNvb3xCp8E4a2R
1179.7003486454,1FUGUiJFcsLktTAkexy2ghT3Kus7yyEuUJ
1180.91540637308,16fnJb1S6z1r9bCNBqJJfdEqnK24o1Cduq
1186.92242344141,3EDe385AVtFSj4cJ4JvmSmJXuChnbqN9vv
1187.00440257798,1KcQhYdYaYvu8omSpZYLDeKrAWAXxd2Q5g
1187.85923950862,15aKbxrQCJDEemv8LBeqE5mX6JikdporrZ
1189.15782346121,1DkEkj785aoVVFUS7eNZs4D1muPbPa3hiP
1189.26820693327,3D8LSnVv3DvwkXdmTtAsUzygeQUzpDJcPv
1191.66835181288,12ToPnrrHpWmr6qGBVKUmYXaSsFrQV2bFH
1195.01816095135,13kxWCuDWN1gGSe2vPmsSBVXyPfYLMh6M4
1199.25414712194,1jsWmh3Q9KVb68he7uMULWdg7JLkwFPUj
1199.25932917546,1KBy6MvcBb2qQRS5fQT92o2c5Dq2W6ygx4
1200.15380834174,1Dq9aaxg3DJ6rXfhKE5jKYQmcK3SBuYy74
1201.06840337635,1BgHppcDjzMYbfeJR23VHHbAFHUNunxAze
1202.34422665729,1BBhWxUFYb81ZE6ShgMeLvaC8ocw7eWp59
1206.57763124584,3B7HtL4jvQCCr93w8qMuFkzuT23L9YDCSF
1208.12435772266,1CafgkQihqTMWQWHmg1V6w7dZUwpJQepyR
1208.31012176829,194RLDTv6rjkDu9kX99mTBuK6KunAWRRkk
1209.39532825281,14kHhWmK3cBjYetPZh9UJZBD6uqGJbWghW
1209.414042401,1GkqY6YQB6WKC9Hjh8oP8yojDufDYRCXkq
1210.05950539476,1AP3fFYuu1UV3UFkYRD432uJFjUqXXAuJa
1212.65738224707,1KzFmjcGcxLLQGJ29fzPocdfM7WZNFW88R
1215.74067173636,12RsGmBvAKQZ769m4hWGUWgdcf1Yr382WS
1216.37381275485,16wVgJG3iC51C1UbCrCLp53Vy2EsvCRhWq
1219.20522197149,1JaMPiHtjW58UuzXGX6x2LALewN2Tftgtf
1219.58555470873,1ErGu2c3QD2KvVx5maTFWvMesd8EasDWQH
1220.96649727938,1G1kgdgEGeUQaDrCsWHDzUPoQQQ4U3NBif
1221.88408177053,1JBenV6kyEe6LRNxgRPYA2WgZyyoTfiVmW
1221.8857155675,14RbgNwyC3yosNVmtbh5NMPixkYGzeZHdk
1221.8857155675,1GRg4w3SEp3D5HgJejyasQtD6UyTyrtAqL
1221.8857155675,1KyNDphBtrf96wKANiaDeCPY5XdPXT4LTS
1222.13145036141,1A92qvx1DNcrUTSe1zmRdPNhQrM4E6Sx92
1223.67714766652,1CK4F7XH3iL15E4dUnxscifaGdhVUyd5qN
1227.73643144076,17SrKbMSYR1cbBBKvgvo341pUz4frdxim9
1230.98741200069,16QdwpazhZ2FnqiB5UauW7vRFqQjNBH7u3
1231.85313515468,3QsXgNvQyswYZ3MEeso4mTCwKLqXUWTcwZ
1234.73049499473,14ResTzJYh5t9xDqtEsgCfXNjaWNSuA5uQ
1241.7979272286,3Ndj6U8Z3PaNMsHU8xDYFWuJ8Tn9L3drhi
1248.1851103237,13rD79zaVbdz3hzAcbavjZo6sUhgQe1TSp
1249.038731469,127ibjmi2Lms7i3NbEKo5U7KBidLnAki8v
1249.12855799008,13gur15c7ByunWWF6aPm71iQmiQwaiQJ8C
1249.59087743958,1K4VSNMNqnmngpTXdny8a6xj9cfvyTtFfV
1251.73454153822,1Nc5Vpkk3qhFHzwrvHedr5uBB6ELSMuSmB
1252.6591335892,36BQ8hbffyLTS1BEgEtSuMZnAbe6YYNEot
1253.64569316695,18o6yrmP8Mufgtb8Db6GbASWabqv6G6mJn
1259.79234766975,35tR8soky58TuUo1dKrT7RTsRc8SWCAZMk
1262.06359534552,177uDRuzEZjQfaZsejW7z66NBdzsaSpoZS
1262.86469157015,36tgybUDNZrkKjEeiC9qGMZiezw8jZVKqk
1263.51923663225,1P1qPQsX33x5svdLT7DUSGReUSyxC86PdC
1263.93020930327,1JqdadgxgxrnbEnfvohxtaSNbHt52kVLtC
1265.8841825867,139Gqqx4TESNaX1DAg5jRJCd3P22GGS1E1
1266.23564153995,332TcXWjV5UNdjhWjSvWsSgYwxr3Rs1ubF
1267.14067584379,1CAUfjmi1QtJAkVNNaiqbKiL1y4DTeRQt8
1267.14074207,15NGqKba1RumFmrFBNs4uL7Jt9hUMttdgq
1267.14074207,19EXaPSKix3guorGhApd1QixkwoDsk3Wv3
1267.14074207,367s7PeUfDtztf8TU4Zzo9sYs9PGSoPKVE
1267.14078654664,1PPKS9awgc6q7Jc1DEWhGGwtq1QyCLDBke
1267.14165622154,1FhLExX7gBeq3v6qiMSe5KXrKVwKxZSkbJ
1267.14165622154,1NScGjCDbwKKQhrUgQVhvkiWTiqDR2GaLY
1267.83212890524,145fpEV9Yc8zeCmJjtgxxj2ycS5JU6BzZp
1268.04675675159,1KWVyqDAJwNS6doztW8qxjrydPadFmvuK6
1269.29832976454,1ECrxs64acyidHHEVyiUDcdSk5mvDGNfHG
1270.08606700403,112RgLGoN3HTDuSFYbEGtmDntC4prTJdGt
1275.91584676161,15Fjw2BtLVnzWad7CKzxdSF2fkDctKsKpE
1276.1395940841,158EytDSjXRBW1vTBuQUm2fzyr2aRP1Q4U
1276.44879592103,1DvPEW3cddHNc5w6QkBTrtVbVoeWrcWush
1277.38624079779,1DmXZ4UWKQ2AjwLAvEK8R6vmZe5jYoFUE6
1277.95623641884,16Yg6dREYfXYqLRbWWV8fuVupdCkpkBaWx
1283.36944775757,1Bitcoin4yZjSSPoXUceJaiyQLABx7B2LL
1285.24238865767,12cBg7fM4msNSaKn7p3cRMfUuBvzjvNmzW
1286.13922016212,1Ka3P89X8TZwxH5nsb7UjhW3sLGDPpcyEb
1286.93864068363,1Ew3o6YpXEisdHRkpMGyPZK9rNuGFm2JvB
1288.17966305737,1EWTdF2tSLBVRsVnsK87rBH7TkpYQABoov
1292.99499619381,31prcVfDNwwomzGo7YHA5fJE3Z3HBXjXyH
1293.09380176471,199EDJoCpqV672qESEkfFgEqNT1iR2gj3t
1293.38957159299,1Es6y2s2bAHXA2e9utWmBjG2CDRHiNU44L
1293.95424121332,1AV4KGCsvtPZ9tG7hvwgb85wJyFd9xdpFv
1293.98647634155,1NKRC5YqLZ3Ngj94Bsv1LbYBEWvKTy5oRV
1296.94937623709,1E6nViR5Xv1wyNXg87SamvtLJ5TyXuksLC
1298.64005976781,1D6iTqvbgcqenbkKNsFsi9zN21KH4KPPEa
1299.03784058956,36QqvzZSiNoPvVqRX9DFa85NAFBhkEuHwL
1304.36221494456,14uByGebfPR3EDhA9sVvg4wXdBNbJYW753
1309.217149922,34gmPirkH7DPJpXdw8HRaYXniMZjUT1QGf
1312.00699293986,3KNWeGd3nQFfv3bHLLpxnid7hmQBWD4a5d
1312.3957685725,1CCPgumgAkf6ARxzuGxhiEDqeqAGMjBQLb
1314.2059696326,1NzxprBES4NqAHTvL7iep4f1kiKQfnQQvo
1314.54921834654,1dFv4h222duSotz1xSRT1Uuji9qPa4kED
1314.55451209855,1L7p6TBo1B2bz2gL4QPY9bYtn97VjFnYNg
1316.55978911382,1CgCpgrSrwtxNRen9MYsR6apetBRKCV1xS
1324.46449515557,12Tt2hCjDbSPM1ZkQo3FGNiKQc2wsLzXzC
1324.94688813276,1NkBVHtAJgMBd7yK7zTHvpni6pMa6Vpiwj
1333.8530503312,1NkTgAtVUyoD9DkVArPeNx97iVupQhQQNE
1335.77956657544,1EUwqvcQVtKGYnWqwUbYB6jHk8BpdgNMnv
1341.69359397736,14mYYUZJPUMgofvURnFY65YRSj1uqDzXBj
1343.48773277046,15n8vUsL31DuKwZcs2QKx1r16yKu22CaxZ
1350.01594693761,1B9By9C9inLujsB3s1TJ2CSG2AGA43HEzR
1350.36069905973,1Fkhvum7YANk14mQ4cRQFPXph7cHWLedXv
1350.58114161582,1C7fp6g9UzVodY95byRQVcU8c79bGHdHiW
1351.94001868635,12i7A7XRL8hpNfxZT9Y5KnoPUtwZvWpahC
1356.74310722457,1PZSNNej6SeCpsaWtrin5S7wYsbb4hyuWg
1356.86832752087,14kfegbtGvdhxXHAF65fRQ6Q51EGYuoYgL
1357.35015212211,17ZDKxKxzvwd3r7s2ZJRETg1F3qTPeqmXw
1357.55999160651,1HonipQ9SGVFkzAWh97FdRPunMvRVYffMf
1357.64957786865,15yB7aLrRdHp8uJWLTZPDu1FvFSZ4nmeFY
1357.64977385007,1D2B9xLP1NfnMPYnng5PdWpC8qwaidkhgz
1357.64993684963,1GsU4sof7qLyr6eYw3A4MwABeMvNkTvGcd
1357.65016729727,1JibwebSGannouCp6WdFmtvkt7FiZVrW3U
1357.65038273835,13vDT7wwWgq5YX3NH1ikakk9JoXjib6XZY
1357.650795075,1Dw66ebgdAHNCxRs5st24BkGnqRKcF31tJ
1357.650795075,1E1WPkE2z3URExUeiK418dtpu3XA1vMGuF
1357.650795075,1F9GWJkfuZauJbyJM7hGPgGMbwGrZaD8kF
1357.650795075,1Fc7SvjUHj8eYwm4fJ4tryUdUNhMHSEren
1357.650795075,1FuvZGnULwGimXSby9V1U6zenE3hHUEnRt
1357.650795075,37Bbn44gKD3Kg6bFsrTGgT6oXQ1CLb3Qkg
1357.65170922654,13oRbW4P5kYaSX4UXAyd5VsSYr8x5hX2Pv
1357.65170922654,1H3JocD18dS2iPQvVF1p9NNYhX3Vd21dbL
1357.65179973659,1MEzdoJiJG4USgJo7Q5N9w9i8VMkaJnMQX
1357.6518178386,174NVbudzKV1jZnZvRzKvauZxnq25NfG4v
1357.66762994486,12waEPN7tUGdgkXVxB6ZjkeUwhB12FdQuX
1357.67161238719,1PzfwiEeLJzXHjCJXNRwDaKiDoj9sGE1sp
1357.85395903569,3AupxtngXg2sXPmYUE2WhKTomq6Bc7iWVi
1358.10334534003,38fW4PLwRLqWKHWgE6R2i7k2P9jyACvKUc
1358.10334534003,3Dq1AfreNRssqJ3uwvudULVKhaFL2hSLqU
1358.10334534003,3PyoQHou1BQeJnbkpKpgQNxF8wk3EXXVHP
1358.20306600376,1ryex9aB1mYabSP7nJDcvAkJ5XWXkqVm7
1358.33751538388,1Ed6rraaUdKTSGXdkHUw2hVF75469dz77C
1358.72240981873,1F4N1oMNXJJRF33qcYkk58tZbEhGNH8NXN
1359.27349053124,132uCCRQabCrd2JGfPDN2PS4cvv3MFX4Ks
1359.9892138453,38Pd47N3JyZXxkX1K7GUtypxgDfK9RwhaW
1362.58657463645,33qpsam8pMEp9eCWYzYDbB6wTjoF86tYXN
1366.28519708313,17wyPeKfRdpeH158Zyg3KAnQs4fhPKiDPE
1368.83062995791,15MBfnn89tsJpfYNGwhtwH3uWVg3Fuhypa
1373.94351876744,1khexYoq6fvMdKAww7dpdZb4WBPKBq2hb
1374.75600251438,1PMhvscNUBKMXu92ZPkm6DetqMPWNmiYPX
1377.88350803812,3KWnhLoM6pQuCSXgD6PcNTfHBeiYf8Mmdg
1378.60589977084,1J3St3rp3hVsuLGhegbLWicyPL3NRD3YJ7
1379.57469192651,3LQZRhzjftr1CJcLjVjv9zEt33SUiX4mJr
1380.38995459457,1NjPa7gVo4zHyPYFPfUoTyeLcTKz7sLHt9
1381.26867810571,1JKkR1fSQKY6qUGHdNrD9wzTavButq7AWp
1384.80290587597,19wuxmjiHqzEES3uqo9H9AA7AYErZrxHzp
1385.34634271582,3FW3YxfnXGpX1zz4kLf6qbLGL1zr3REgsS
1391.86359511089,3GswC3B1JLC1i4kLLkea1W6gGNt3Dnpm5F
1392.24188187742,1GJ7XAhuuJiyYAHBDewkvAfH3ifyf4wfwh
1393.7072848906,35ZM8uf3ZqpNFYo9wZuY4s1F7VqKm7UUfX
1394.97577070257,16SrWRg2czJ3ZjJfXmZ8YBNpbLdPpWYvNZ
1395.28649691886,18jgjNiQKJ8f8ej7MEMDQeJypXFvQRkDZL
1396.27050016689,16SLJL6RCqHjySsKEdaEnNRWTrMhv6S8Z5
1398.42557395375,1QEqQWSzrZfWsJ5Kxgh6BYnGJRjkYwMRmp
1402.9058215775,1PMNJzQgiS4cgUmU3Kqg3BvdiXouFE6HkX
1403.02769701143,1zeKkXRkZzBqK6aDvAY2MhjdibecHu9Qf
1403.17689918625,1EbpduYnbWw2hzw9kcLfA5PeKGJ6CHyrFv
1405.68409589907,12YdkxP5YQpuUyJRPiYYHNWjWzoMSjzuTZ
1409.66674137205,14dMPbN5fiU65nmA2x4oAbKF9nGVoD7Mka
1410.42552436413,1JqJHk69j15VAHdxUDD4hFPW8acZKoFGdS
1413.281347147,138HvohYJvo2MfQh1aWDyqQpzARDSRFZ5V
1413.76605692815,33FQxGykTmALmzYzhqTiLppDkhTRRaDh6q
1417.50591563731,1Ky5XnUn3coahHYb4nnEGAZrgFATiDFzEn
1417.92302340557,1Lu1VYj71pyUi6MSuXQkESCLWbB7h27jVw
1421.44751905523,168tSNuyAjgMFVFYDv8KX9GJwrD2gT8qyM
1423.89583226272,1MsHGbSb1qfZmP48CZJoNvM39XU6BsTEWM
1424.58664375271,1LCV4qwQRw373oJ1s4iBamFPKGT29h3GUV
1425.53423992928,1Cr8rxLHY2M7moAbprr12xxFiW1Ancot8v
1430.57721570558,36jGnNUkGqEsZXtqUqwHXa5ektL9up1QuQ
1431.58492410673,1GvWYCdY2CGKLYZ7min25oRjFHyk3ThTUG
1432.80455602238,1NvrATP2ZaNpEKBScR6dB7HHJ3rStHUPp4
1433.40965178592,1PPc7GGxXifEWxeupsPaCeSAzd2XoBz3cH
1435.7148238967,113fiz1m5ofgDnPueDXRXqyDMa8J3EirWZ
1440.01494330955,1P2QDxC5Gq5YbZ8ZH9RMZGdvXtsyNKCubr
1440.92095799114,1JNamaC2PE4woAk1vaoW46e5pxgdQkaKnc
1442.24990279882,1JWRYzgSNHbWcmgJGxQiAvFNpzihkhwSNK
1444.40754573168,1PdXTPB3jkE4DXck92kDMMiFkuD44EdhGN
1446.69741273731,1Kdf2p7tmaD2UQgx1t7cCyv8EbM5a9Hab6
1447.34516062111,1ChaaUUsHCYmNqtPC1GjXvo6z78XRx7A9u
1447.72210081528,3M4hEMB6TuYD2VvzGJu4kKxEjpFEL5HdtF
1448.15744918313,1LExPrgagBCa1a8iahDs7gK9myQuYQee7X
1448.15775525193,3PFM7dxGXfLNkRve6fhP2bwKzpZSaatJmo
1448.16084808,38G14Vey8oiaEms2q6hACCLkcacfpWADxZ
1448.16176223154,1MmcSBpzNYeGgSfVNxXEoBdpmsCxyMUuWW
1448.16194325164,113324vM6NBar2q72w6iDCdQvPnPQw8Tvw
1448.32376617541,3Qeqhk9r4qqrLkyqcUcbWMBsJFCn6F4EsX
1448.42989741277,3BmwCJDwK6dfVDT5n6GTLPEt7iyu7uMP9t
1449.79464457614,3BMEXQgHpSHhF6yzvjXzDFYW5RK27MNx68
1451.80218175418,3PPXAwWyvdsSNV1LKeXbLGKaiQHacPqCAg
1457.26069403516,1KiWj9WchinS4FNLSrwgR7E6KYBANY91h1
1457.78051786115,1Buhqt5dgH1psaQhCubGkqG1BArqVfn7Ni
1459.92670923579,1LN4vWBmqXwzXq4z6SBAZtTowXq18CjS9Y
1460.31058258148,15c5kSpwdnSU6K5fWbSMiir3iFQk8fuUzD
1475.31287769345,14m7hMVQKTcmTseH2QyuZaQSXKC25Mi9yf
1477.75033085311,1KsMs2W1BHUBYtPpg8dz2MLMDyLiUAr8YQ
1481.94343899031,12Y6w3Q7yWKfLNZEJUZzJGHFMZndtYSD4C
1484.0214831919,162W4Sv2kJzLuzuQ52nF2oXTyfWYMH4Pxw
1489.57573974941,16SgQsyge2ov79B4Ncp6DQfKNSxwE2hzsi
1494.9778713181,12wVSMszcNBLpG82QGvS47F1LDBVEW6yR9
1497.66984707374,1JeDuKZgUwzPTmYxSV7c6ooGgrPPfY1c5P
1497.76523949243,1KoV3aRCenvyZB3Worc4nXre7z7RKHn1tk
1497.7887157275,15CdCvUDfw34Fz83PPruU2XppvuQ6428bk
1499.97867616174,19JK42EVP192PXwxiektEu7CT5PfersA1X
1503.64351057206,3BuZnnbYPQV3Ffm6WkzgtdSSAEmYQ6nWsX
1504.65485230014,1HDNfSr5ExyGfe77GX681PPZtN2deoewfd
1507.55464003352,1DM1RpNMoFZHFEow9hXYhdTZo2sZRk2TVg
1508.10113068256,1G89Dp5LCj3JmtEW8Pyd7uE7kWZbqVdayA
1508.74133066159,1AfdbCzDrRrMEqAXkF8kxVRCkPzB8HxoHD
1512.63841897265,15T8ADi92wvoTKVuzay7ny2eG1WSBiXk4i
1513.75006481036,1AM2fYfpY3ZeMeCKXmN66haoWxvB89pJUx
1532.11051729175,1C1mCxRukix1KfegAY5zQQJV7samAciZpv
1535.44625048784,1NkG3VkApAkroyFC4v6uLxZB7qZGxNL22p
1537.07883830365,1BVMFfPXJy2TY1x6wm8gow3N5Amw4Etm5h
1538.66999399325,17CXZyEvF14Ux78HqkCMPspixg7QVrpwXu
1538.67033263661,12Eqq2YuTU5q5F7L1khsqMYzFfeU4xmjD2
1538.670901085,1KsBt1bsr8xSXEqsMSmtDqs8NoMYttMP2Y
1538.670901085,3NSXggAPuaZfMgWHVPK4KKyWwSbbyo5g2y
1538.67137173728,1XQ8ZWMKbsX1kgFb2cT9h1zSiCQNDjnWV
1539.57600161505,3M5eXwsUe57njQpBf6qyG1Y87MhoaV4vTk
1539.64932380899,1CLxmHRhoi9VpSj5QihqPEdbhLL8E1oeUZ
1539.84080260505,16BHcANA64zTk7eYN8zogESp9YMDLpKMrr
1547.7219063855,1N1962KmiVsroEN7DDqEuiSeMrUWg7shXy
1553.76797792623,1CCNfHgQ11X5dzRJost2g1LxKN3HLGT9L7
1556.68861007052,31yZ58kVNmbnjEN7k9X2cTKPRfHN85RXZ2
1557.67801221605,1Hn62xiJhDsFfgW3bBCPr83TWc18uCa9Du
1559.48777520749,1FkjmgLbmPLe8Mmnju5M28j4LEN31McXz4
1560.32687658528,15e8jdh1wKf3toj7yQWwuGNdMYyb6DTWE9
1561.5004867457,3NGyoV1FnfZUMnYCpEZJB47Bu7JWZGc7xq
1569.04097900363,12SaoiJ7ktQ7nYZHXqGEtBnoJrYjiQKxyz
1570.34600960715,12c9FX8Hu6asxY4MPkxJi2AdHm9amMgr5W
1570.84300076075,1Crest4VhbUL7ucA4ojYhsixsrurXzUQ8i
1574.1645024457,1LtwTNhyYhWPfRjpb2jKSeJLswDdUDkbFx
1583.02003599959,19rdJcU6rzBJAy6TB2HpJPr52jGPN617fk
1583.92683268803,1J129YQ45b3AM3f2RDosPpDbwcwpEAJFts
1583.92684173904,13FKHnREotr4jrjiSJwPUpecogVT7Rj7bu
1587.09877259267,3QorgsdWKX2CvaMDPH5PvRchoz8s9GM2by
1590.55267765989,1QDBWKgfftwuraEasMGSUvj9PPrswZv19q
1592.97784703954,12AgBP2Y39u3gMxM1uy82ij86epSDRnoxM
1593.07860517475,3HFQt33MHQ8i8GFRzrg9hGJk8htjrdAVUF
1593.88566288023,1GAvaRfTYpYRLt5kqYnXcx1Zx6joCCsJuE
1597.69734242067,1LAMvUF8i3696XGuFVx7LSojcnhowScx5Z
1598.40845021984,1DtFKiPdYD2U6XDZGtWK7q8JYVrDKBHBqE
1599.7279409176,38YhnHjapUiB8JTES1zFPRa6g3c8yuUyZs
1601.12247179871,1Go1p98x7EpKmEFiYnr4qjX6PJyxdfweJV
1613.7912429693,1NQeyC6ocbxfrzLvYv6VnsJmFZJEu4ufE5
1615.89056042748,3BdxkiTBzT9YNDmNZ5qXyccNH9VLtUGvsK
1625.45313463889,17NmsjGEYx16rDxXQRsAQUNPStp2dGxNVx
1626.46497367445,1CFGDBsFjFbXh1JRD9V1nZDK5oaAT5RkUv
1627.30107358501,33hcw2TyXhJ9hQswnCttasnJyhCfLCyBxz
1628.4939918387,1Ek9Jj3Z3Bnipe3DnMq2otXG5iNjze66VR
1629.17370126602,398CCRqZCvx7p9eniLNseP7LmiBvJzNCrJ
1629.18076837242,15vwE15F9Umu3aigWfFx7XKHQqVS6TyoZo
1629.18095409,1CorMW1runKXd5rtEfhfF9CrzDJWMDrJZR
1629.18095409,3GSH31VBBeP8txR1s5U3m5cv9PuKWeGNvU
1629.49398199504,19XpgHQWZHLrrQNsiRiN4uNN6cXjoQ5fz3
1629.93439503393,13HVZCHH6ndYPGYLtwdk7bH5Bv2wGzv2wK
1630.08605462005,12gr1kbYQU2M81QBUQ5uAdwA9jKT6oDwx5
1630.19855613596,1EnvshFhFCtJwwM47eQC7nwB6WyFkrmanp
1632.26478692923,1ctwnbd2GpxzNFZWyipXhPMWHM5pUB4Er
1632.80236087179,1FdPpELnjHfwSM4Nvi7LdYS4S4GVGsLUQY
1638.23075633088,13HZBssngQJoLC14fiEXtyqmXJosnq49QV
1638.2319593905,34nB9QkjGgrXtZTAqbe4PbsCLz6fFkRnDm
1639.95816442421,3R2Z77DpLr9uMZd5qv1MedFqBqGfX8VEaN
1641.21368555809,18wYFsJcrQ9u62CSQmd8C7L2JFCQ9LBK4q
1641.8523615107,1PY3oTAaeaMnGynLR2qK7q3FmtGfetmRec
1644.80744277677,1FcY7Sbd5XEmf3UpcYPcQfwUX5fQjGuP17
1664.47908641939,13L2JtckKzyqewVi4Lh5KrGo4jJAnqPi3Y
1668.22947156538,1BHc8otUjYYN4wtfEinhTRJneqkixYQMa1
1669.06419893624,195HEWctHAadpGezeJCm3difgwQbwAtKid
1674.4366171135,3H1Vx9VSob45F4BFwgoe8qJFRZZUwNLS8r
1677.93403560373,36ULVMcGoBfYb62yjLDVa39wvsSGWcF8yr
1678.95649015611,1GWDu8i7vFQxWic2x7wncoEH98627NYQLF
1683.09426277301,3LZsSdkhXgyN6si5fUxnx3hyre74pLdYrb
1686.11721708433,13HW1Ss8gti8zkG1Pbw93h12w6QKV7mjCm
1689.82227416221,115saQAPTYvjoN9T7NGCBNFLsF2KTuwyxT
1691.85149802865,1vEnNupmD1KhF4pHAuNuW1d3P1AKw5KGE
1695.39759094278,1PZYFvm9NP2MFfm8oXtvGhJoEhZEdtxjp9
1697.06349384375,19Wa69eDP1F6J2Segjsd8co7bVjdLFeL2n
1697.66991119888,1GJMBvFijx4VDjRNdZ5q8Ed7cdDNps43AW
1708.36030421784,1NFKP9PBLwETN3cz5bDjpM4Fuxwd2fAsim
1714.33910311177,16rX1NF4cTUsvFbgxhymtSSSu3zh5iB3Kt
1718.58899096577,1H1reeJJKYBCimRCmxP4NaZ8THQEiVfsjV
1719.68956198434,187r9fqE5C9xkEwxR35i4EZT6cuzxLrUUZ
1719.69070045599,3LvaZpD95VXtDarjuuMwgmTbiVXF7u29UM
1719.69976792507,19BVh9c12Rqxv1ioVkWZCuRcp7xGW5xctr
1719.79718939813,16CwLC1FavHB2tWnknFLTHwR4JGDUGaXnp
1726.8260637249,16ta9Kve8bwyZ32NFZVpqqooHCor673QQa
1726.93372109752,1C4H9GDALbjDVnbfTt4a9ML1XbwzLS1rUC
1729.21420334203,19GVZBCRgnQQXCd57seKimyX6w11PhEd6N
1729.95358255361,3FnWKMbhM8zuHV7gJRrJvKZLSDcbajGHLR
1737.83505865621,3EZhRhmCgiGh9kuF9wSre9rYQtSbenZnwh
1738.22746595042,1FuqBd6BubEM5ZayWcBoSqNhPRF2y2Yv2h
1738.78686576774,1BvuZeZiLcnqVaRvahtPqzAVJCFYerzb7j
1740.05825020941,1NXvBRCQ1VkKf8Gy2ZRqbZFCuBjUuGdFKy
1742.7026211075,19rvEojniQQYqf4vGsvhPfiLMeYrag4gEe
1743.21681387769,1PVoUiU6ogqZVup4Hw7mZrCtX8ZSrd89Jn
1752.6437770215,1CPqaCsdCk3dxzV1qAPNFjUNRYRS5y1VEt
1756.87417959976,15WAHSFgU5QYQtpFDepJrvQmSkBgLogJQh
1759.72306301307,1om3Bk4JBMhujLnGkAuApdX3NfcdNvoD1
1760.00930845037,39SHzWYG8aBMmWAYuqSZVzkLZchnccqRMz
1762.67770235476,3F22Kq5d9memffTkkyMBNFu1Wgupjx8ooF
1764.94368083393,3QDrh8BtaMKPRSPcegrVDQx415Xd8Fsjhd
1764.94437400517,1LVY5FG4knNDYhGGxutDf6Vh33SjEEAepC
1764.9460335975,1EFqBWnUFGa4ZCxiRtN2fC6PuLoVg8eNyD
1769.82129496966,1nAkhsRc5chgs9jfVr4wAErNxLUSqY6WG
1771.78045675091,14CQ2jCrpsd1eSdC4zWsJZH9LvDr6GrCyo
1776.51000886696,1Eu9pBpk7nnkTDuSDFSRt4y1PUc4J2JkTX
1778.52344664878,1JQJnwnjRmSdybz8Tcv5pEmn3CqLGBXgNd
1782.14412935014,1ER3nEZFqXUkKw6AucHnmPxXnQQ8F6SJEG
1785.80116355884,11ZjCbU1EEsg6LQZ6rCwPQ5YE3zVsGtDt
1792.09786313848,1GHDVSUKV5afuGDPn4y9gCDWg2JYxj4jK5
1797.24318928474,12KkxkrPeSR9H1SnbKT2UPepLgarz3tGHp
1805.67555744975,1NgmEH97A81qadu6cWU5bFwcNScYDzNjsw
1808.38865197036,1MsXKazp8nm7peMfncQcqFHtaYKhpe7e2e
1809.20446980898,3Fb5bgDqYiHxxiqkCMQUEY4MWN8pFwMnMb
1810.15316471423,13YQkQGpeP5hvmsBtWtfjCiSLUbcFHhrhc
1810.16934736865,1PBBjbwKvAn7afUDQcjNJjUfLFzLcUi9WB
1810.18249833453,19pQCuCE3JvYNN8Ga9a7Mq7mKVp2jhHT48
1810.19381929576,1CBABwWo55pnpqhS491j6cuQsVF48SCsYe
1810.1984113414,1upRWSCmwZyuM3r5TdQTWdLTCBC68sTvq
1810.19841297058,18M6csLQq68tgkBZRfaPJp42A67poYiHTf
1810.19841297058,18cVjLDDWFRivJKiUWXLJ3iGWa7DQEQPR6
1810.19841297058,1QE7NSWq89XTVam6p2cqB7jGGBTKpzQQba
1810.19848744225,1C443bRwLWCgn41AnyHf5G6rTJjJTDtxF
1810.19850098256,1G4aAgMmyuw6RafWRHsw8kThridXjcyP4e
1810.19850098256,1HGnBc4ueN7crGzDnQ7uLTej24m7Ek7mjW
1810.19850098256,1J79dCjY6LggMtSZCbq9RhGDdcvfnujF8i
1810.19855514377,15C46LccLBkyTq2u8ktAgq8AfGfRaYVG6i
1810.19876501848,191omT8rXKc9Pt793YjKisB4S8vmEkxDKp
1810.19879209909,1PbgHRbqC1Nuc22bpU8WhW7ER3QjnSUMp3
1810.1988056394,1AfkZSrB41e3FVSwpyNQE8vVpe7iCsso68
1810.1988056394,1LeZvyfCB1xSJXySoKH87vPxNkUfRQCkpJ
1810.19884964538,1AasWWcSdLza89Jhk97BigbwCWQjd5L3q7
1810.19884964538,1C1BE5yWoxbP7ZTqRAst1M5iJeyAmtj5Fq
1810.19884964538,1KCpD4HbeWvb1iKrMPoRWetSEyZ29pmWBr
1810.19884964538,1NrPJfyKrHNf1s5og35efpecucDzar4b5N
1810.19885303046,1DtoBowZtpgSGscrb6ed8TU5x5F45UPgX1
1810.19885303046,1HH3oqC6KUFDyW8nqPN8eNmX4nuPUck31C
1810.19885303046,1LQfMWnZNhgR5V9hj2B6hKuXoeeTXmaJmn
1810.19885303046,1Q1BEQaw1T2mr7XrPBTBCi3ULp3Qnyiogw
1810.19888349614,13fJPN9VjhFET5zqznYNgcKRseaSeLDKEM
1810.19888349614,13qyWcCTViKingMqv9U1WfMyagPTLHABtm
1810.19888349614,177wWUnrvpTkAcvsiSBiJ3D7Ea9Amsaow2
1810.19888349614,17RGPz52tiiD3tr3MJipXgKx6AyktLwNq
1810.19888349614,1D44V9kX4U7bW89CDEKn7ULK6kzw4kk1zo
1810.19888349614,1MvSdCvpo1dcGHmpH7xRhCZu1HP9MnXQtq
1810.19902905441,1FyyNhKPX1DHzMyqVJfaYMxewieB3WGVY1
1810.19902905441,1HsAD9ei5vkwTRPTdcsskGV2b4taej1wWV
1810.19902905441,1Mj94NKH9zU24DtA4Uj2avmZrxut1nBkGu
1810.20034240959,1MUNbrnKxdxnGwGpHXZ4GsVs3RXEZgeFR1
1810.20043265716,16maYEFESxYegRrDrm8AzmhYtGdHwHnvnx
1810.2005532437,1ByTg4UG5TD9Pt84ww2GJupmkFNSg7WX9a
1810.20076668451,1MpEwfHmpQjakoweqS9t2UqSmimpTXFWuf
1810.2010601,12o3umcKXzgSU1MU8qvhdTWz7Z3Ty6jSCe
1810.2010601,13yNg5QcCSXZTCVY5VucfqNqm6nQQETXfo
1810.2010601,14AJ7xfJyV2TDHB19iDYKoHBwCV6AkaBi5
1810.2010601,14jNu8EmWnCB6C75gsQd4noYdt5gxqmnzo
1810.2010601,31sa47hbyxgZwctDAVXYPWshmA5RHuKR5r
1810.20137846006,1AsgPtK6qG5M8bHxcgeVzot12gfKnUnPW9
1810.20152170127,1KxQJau7BkuwHZh7Ugo2yoqKN9WeS51S5C
1810.20196520053,1PjtKeavAmqDDwJujZmpVXH8qS1GvoBf51
1810.20197425154,12KkeeRkiNS13GMbg7zos9KRn9ggvZtZgx
1810.20197425154,12T4oSNd4t9ty9fodgNd47TWhK35pAxDYN
1810.20197425154,136LASpLfntHP4ypxhaRt1PJQNAZToNxRi
1810.20197425154,13RwLs69Y7xPrTM5E2aa9RxiDSyeX6jEyw
1810.20197425154,13TCoXS8EsedUQFv8pGFxRkbV8gN7w46xc
1810.20197425154,13Wv5hGhubAWgSPWtXYh6s1s7HX2N1psYg
1810.20197425154,13dSnmhFeX3qqbsi4thXXad4ggTh6VCESG
1810.20197425154,13dXFMyG22EsUsvaWhCqUo7SXuX7rBPog6
1810.20197425154,13sXfpp2V16nnxYvW9FHHoBdMa3k98uJw8
1810.20197425154,13xGCc4TPSYY9GYxBGVNox82KxyjkFnxMX
1810.20197425154,1439q4Na8v88kPBqoyg8F4ueL9SYr8ANWj
1810.20197425154,14USZ558Rr28AZwdJQyciSQkN4JT1cEoj2
1810.20197425154,14mP6caC5dFhHdVAPCjPKM8Nm36MBDR5pM
1810.20197425154,14p4w3TRCd6NMRSnzTmgdvQhNnbrAmzXmy
1810.20197425154,155FsTtEFq4eGCcBxDseuwLKPbmtWbyHJR
1810.20197425154,156HpsWfgkWYLT63uhTAGUSUF3ZMnB9WWj
1810.20197425154,15QcKCa84ZCHxbsqXDoKhi5XbmQB8jPEAd
1810.20197425154,15SeCwVCFx5cWyrcdD1Zp1D1zxjH2SELPg
1810.20197425154,15U4VsmWG1cdXAtizvQsW4r7iMxzp64Tgu
1810.20197425154,15VcG1mEtzJ8B1ceQHK21r9FdoPjRt6zQM
1810.20201045556,1Pq7hooZbEAz5y3QMnqFY8C5xqTdrjUwcA
1810.20202855757,1PRXQEoL8vzEzoJJ9hbtAP6NaV2daccAUn
1810.20206476159,1NTva3cWy3Xiueh5GPWCa9cz8SePrv6cmT
1810.20207381259,1NA3Tj4b1jtx9eGELe31Jw4DrzTqKP3ayH
1810.2020828636,1N5X4kcZ56uRh24XrZoztS9Vb8G7j1Joop
1810.2020919146,1MvpYtqgBH7CXbTutrSVCTNHPzm9vakuRy
1810.20210096561,1MsgeQMDKCqoPRfKT1tw8gGci6w7fCBtKe
1810.20211001661,1Mm9brripN4RPTzkGnRrbt5uDWdqbfk2iX
1810.20211906762,1MkyfwJf7uhWTmVGGQXfcT5ip31DoHMxsz
1810.20212811863,1MPJJzRaT8vLhowNB4dVyWRxxu79dq7WkB
1810.20213716963,1LzwbLgdKd4eFLkpRdeajkH1YJkVCip2zj
1810.20214622064,1LyYe8SVEX5v6LSQHdHmfnC5H8bUxi1cmL
1810.20215527164,1LueUjEuBgc7cQhsWT8zAfTjcWmrNBZXaR
1810.20216432265,1LXi3x7hyt17cxncscGE887WCrC6XDNZ4P
1810.20217337365,1LS5EFRRMDgMQusW6zokQUHjzNUfy6HHCQ
1810.20218242466,1LLc8aA9C9LLULGbYCYSFKXgxKP2DXdCqP
1810.20221862868,1KFDUSZuapMv7YaDmL6cyrHTQhma1MtFYs
1810.20223673069,1KAhyewvMHSaejzri1jTQD6yvieuHXQ2mP
1810.20224578169,1JztCg7eKSkb1vi7NzGJynXpLZmoaFtYud
1810.2022548327,1JtgU6Uo1RAt5eiMf34EehyatUezBQP36C
1810.20227293471,1JVmoJT3471FjsX5H4hAeR1RyrDgpkHbpm
1810.20228198572,1JVU43LNKXqa9W5fCh8tppxDDEWgfeNg46
1810.20230008773,1HzEPuenagLEWj68igDXBBXrzc293RuR5V
1810.20230913873,1HweN9p41BY2RBunsPqyVuheEq7gVoxA9u
1810.20231818974,1HuPVqz2xvf1rdNFUqd62vRTyxP3jeX9Ch
1810.20231818974,1KF8CrJXpAf8EB63a91EHaH1TobnDsRgaK
1810.20232724074,1Hm6XDmhKCHz68wDEYTapN9MEanke8iwUk
1810.20232724074,1oo9TycCvidDvoN2cbEDS3eK4rZZ2KJhV
1810.20233629175,1HdKXsNQtzDcfB6PGM7DWTgX9vhBWsz1ak
1810.20234534275,1Hb8DmmvvtTYv5RBLuGtDxznkZwVpd5Vjy
1810.20236344476,1HX4s3JeFU3x1eQgPNQVAdx6FoCtbb1hr8
1810.20239059778,1H4K3dGfNbAN4AUfyUrpkGpjrd83sntDpV
1810.20239964878,1GyDutntMuYyA2vQGW5HFcKLfx4cbDdbJq
1810.20240869979,1GkZQcDy8V6pmHFZqUBUBCnN9dc2hoWasD
1810.20244490381,1HZH6zHri1qc68s34MmE5MwG9xstbkFavo
1810.20246300582,1Fu4YgM3Y9CxvioGPqkSzkydAC8MVaPN1D
1810.20247205683,1FrV9hv1AW34BGJvobJatyzUWYDWB9epRW
1810.20248110783,1Fqadr5dVK9cyyZ1HCBX6orS8E6LCuwUfp
1810.20249015884,1FhRuUkk8Bfx8FJDemtxhKAR4F8GCNKrXG
1810.20253541386,1EK8vW7UYaYHKiW4TZmYJKtwcZLM14VjvP
1810.20255351587,1Drshi4RAuvxk4T6Bkq959ZvLbvy7b1wvD
1810.20256256688,1DedUxzgwErg4ipNi988wPgLk5thwciKcc
1810.20257161789,1DEtNNTqkXnSzTdd4R5uE2jC3pRmsbYo7P
1810.20258066889,1CnjbuKZzQxyvVWuSnV2p3nToEkTL1ATCT
1810.2025897199,1CZsoJfkknbnW5fKrt1oR7N1ALE5WmDGP1
1810.2025987709,1CRjKZJu8LvTutnSKq4zTJ4yiqrzMAArYW
1810.20260782191,1C5aU4Xnpd3txbxehk46UZgiuNB8QdpHCH
1810.20261687291,1BzK87zuqidZn489Wb2oLSktrjKrX7TLKe
1810.20262592392,1BXyJc6BVuTFnHQCcjiWX2xmCPNVfaSZeb
1810.20263497492,1BDZBTb4KE5oq6wAgA6EvAe3uCFRrAbPao
1810.20264402593,1B6kJM75iu5ty1HAHMMz6tT1HhjoGNTCa9
1810.20265307693,1Ar6meJQCkNoC9wnPcyRNNpzX5fBDaGcKd
1810.20267117894,1AZu7TQmKBAes2duNDctYwjAB9nhHczUnA
1810.20268022995,19eihBKk6e5YD2QXAe4SVUsxRLLnTDKsfv
1810.20268928095,19c8sUa54yQuRTVDfJa3iDkkCaFkzBJLPB
1810.20270738296,19KiFrafXEyJCUDYFEv3B6tBUwyfFo7kNU
1810.20271643397,19Cr4zXpKw43xLJhFZW9iv4DDNtQk2TDeB
1810.20272548498,199Yxz2TJGtND3QKsHTptTJivqSaUZBvku
1810.20274358699,18ok25NTkdrUzdByFJCNVsqVYkujZ8aP45
1810.20275263799,18hcZVFPqDNAovJmb9vA6hEJrDz6uWXNGh
1810.202761689,18YDgRhxsomuBZ1g9d8Y1JuRmxDhF8Bvff
1810.20277074,18M1Z337NqLtK9V69bssnQUYsvb7hmfSFS
1810.20277979101,18KHS8ndbKJ1iEtTxv44Ree3Fs7oCURg83
1810.20278884201,185SBfyWBGxM9Xq9Gv1MEbYWqe6dWBUxyg
1810.20279789302,17etv2L3nhk6SCcWSNW4eoZkBy84izAm17
1810.20280694402,17Tf4bVQaCzwWrDWGRPC97RLCHnU4LY8Qr
1810.20283409704,16w8WZ8Ub1Whk6SP4cw4op5cgyRVsb77T8
1810.20284314804,16w6sZBDP58yyeyZAcvnxcEGJpwR9amM6g
1810.20285219905,16jZZkMYqjUWUtQ9DfDvHdH5ko5BcnH9XQ
1810.20286125005,16aabgvkXK7q1Rc8mT5sikKfJLQYhi5ixW
1810.20287030106,16W4XcUAKPmSES9MiUCio28msSCp8rDZgs
1810.20287935207,15kNZcrhxeFZgVVLK2Yjzd69tRidbFdJEZ
1810.20288840307,18KDS3q6a4YV9Nn8jcyMvNoVPfcrfemeag
1810.20291555609,16y2tVCgnwGM6c3kPPuQDJrSadQqcddUm6
1810.20292370199,1MVnvVoAmkhPiRg5FXew8gWNRWVTLmUKXL
1810.46639604062,34b8chm1V4sfnNU4RxGppptfYnwTvmrzq7
1811.09475787489,1ATWxknaBrnon94bq2Hg4R2NcRJiwPy8C7
1811.10616063005,1eiyumDEZdrVfQP2Pp9nsoNCFCRZuV5o4
1811.40132052918,1MTq53R9mvrJomvHoq8i4uyLv26mWHhNPc
1820.87301899077,1BMB272EM8F9RXaFszJ7nxxN8VNjoa3mYu
1834.38949343356,19zcbxF3z7eRqFpgZQYceErexn6LFKmxMp
1836.829140928,1PTcEVJ14J6kF5EtfGzcDdwdPQvdcxu3A7
1840.14069951342,1C9YsZgVLPbXxiHPEYbh3HnbynwoDxmvoB
1842.94262040092,1CUgoX3RVZx3rdtfAK8Mus6XWL9PgXzC5g
1843.75224069943,1N75nddcDGiQeP7wTNBC1K8pvqCo1CXhPy
1843.88664812814,3HNpJFrc6h8Hy87PU7yjKWpCdJYNDb6PSf
1845.27366308161,1NAgFZKa8YFMKVedJJwCwqYc4nZgGqU1vp
1846.70002005792,1Av3RiyHszakHAyXxZemv67a3VjuPTRyZu
1849.15522926256,12fXB6sBJCGbmf7XhRvTXMDCu91329aven
1850.11449905467,1bfNoDkJSq79LZGErmDhCQ1GuZe9Tp6sR
1855.55656181234,1CU33fX35WYJDNxXM5jqawQtVGr32QEGrV
1870.11962934085,1CkdZXJtpbxxX4QAzbRhiFNU3PkcsUsFzw
1871.89091107815,142fFLWkLgteEB48wC6tcChK5dXkptbjn6
1878.06792885266,3QDdRhaFnkdMErFGLe62JvvhzhdZPFh4P4
1885.81858898356,112eX4zCJXNduxauMk9FuUReWdnZGdiWjc
1888.61465435939,367GwKzLQpyCJbgm5Rmck61CSAHZyuHg74
1889.31118566838,3KjdeWUuuWHro2poP57iG1EigCDK6hVQin
1895.66932651314,35BT1rBxeVMuPCMc5fbc6mFW8er5mnJNX9
1897.72540487522,1MEKbMf7hPw2scP468unqAXjedZWMM4La4
1897.89781422588,1P89AriWyJpj6RnTxAx5otQ9na1hX4kxby
1900.6930110944,1BV84Gmnw7d7YG2PbFocbQGnSPDRUbXpfB
1900.71016166332,13RLtGaeT4mWsNioddpx5w8LHc3Sa4fPXs
1900.71029945583,17863RCLh5jqA8i5tSq1PVAwbwWDAcMLDU
1900.71038178377,1Fq5Ty1gjc7kovzg8Gnx4oStexpVcYnXEe
1900.71202725654,13ACvVSUKeQ57zBtENsJtHManPTJ5sZuRw
1900.71202725654,13DyBwhpDw6152q1drbK2US5S3CdY1mRnU
1900.71202725654,16Q5zhKCMbpEkR43K6tgzdkh1mTUfi7SMy
1900.71202725654,1NB3ZXxs3vfq1hRhuSAZ3zPdQNrXBQB6ZX
1900.71202725654,1VLZtmKa95BFrXHeyHEETAivJ22pTEhrT
1901.61711952302,1DJs7mPRvdiLY8cRzTfXZfBQRUUdJzLV1T
1902.77185766761,1hotgppUCPE9VZguYqBE49BLLUnwRbuW9
1910.81021920767,19nDFcd88xE4DJcsCkNHUf5cChTu1jyCmr
1924.37374651436,18CVFaEwMVM5VH37Cp2zaXZE3CL2tWbBfY
1928.64765178115,1CounterpartyXXXXXXXXXXXXXXXUWLpVr
1929.21981036618,36XMobsZn6v6eCfF9kLZibb4hBd59Xsn3N
1935.08086662381,195HvmjXgoF3M5vFaBC8swZPhwrE7VhxRD
1942.79881702796,1CK1TJBs2dganXuBtYBrYkPsc2pQCKoBEN
1945.9661396075,15VwNCcSsnAi8oYh8n2tA7MpyeUiBVitpR
1946.29586427311,36fmbZBaqopVgDdHMd7g6mWPMmqPk9q8wB
1953.20676282779,16adfbSbjiHdWRwEChXBeUv1m6xhRH3opB
1953.56134300212,3P744sTw6R9czw4buAA3XRqD2Zh2xtCCoN
1955.91319443275,35cqoPN9s3PQMrifDy4YVF3RRwyD5fKoyz
1964.06731007609,1AUg1BrVng4YKVhDScfjAhu96fjMs9Sc9c
1981.75017861393,19dwHtRWNQcAw4gmzmGpYbRbWyj5UqDA3n
1983.41778455206,3PA1Xy4Vk9hLr4cvTmbhEcxbTiC1kndvJi
1986.25307835156,1JaPNwMXt2AuVkWmkUHbsw78MbGorTfmm2
1989.68022290878,1BJ5CwLEqo22thLxymJiH89GZdVTEgyUou
1991.2202891762,1LoSbcBntvcFtVAERaYTDhPB62EGkchMRQ
1991.22116611,3FZzVdXFftDEkurr5g25t2szchj4LPhCSN
1991.22226128164,1HjdiADVHew97yM8z4Vqs4iPwMyQHkkuhj
1998.10102531002,1F2f54RRbPbj2Svi4Ni9n3RN41W3YwsFPh
2004.77360743766,1EiiKCCnFgHjEvPZdu29qqgdBm8zTvpU3U
2014.85993793774,1H82cMM9dzeUmuDfp5GmG6msLAdKfN7uZ7
2022.01009755479,3HcZggTYx4MY66M6pJy91rTxFoN93V6gZG
2023.62903754981,18h1JtK2jBV5FeQ9pQMVpfgRmuZq7UGMX7
2026.59926337429,34KHcRYV67aegmrRdmXpsEksuggGQFYEAn
2027.40326215676,13ahgw8sM95EDbugT3tdb8TYoMU46Uw7PX
2036.4690287418,1DihaB23MQPNuCqBJR5oFW9Fp1uK3HbFGF
2040.89058774647,1GbkwjPrrxdXB8ddewK3KhhCXgj8uZ2Y5K
2045.70015345562,1GPFgBJg3uAwRctMVXG2tgCWFYA6Ma2TeG
2051.35386515657,12cgpFdJViXbwHbhrA3TuW1EGnL25Zqc3P
2062.49120598594,3P3QsMVK89JBNqZQv5zMAKG8FK3kJM4rjt
2062.7238509354,1ExHG2A6jFwzU9EmPxGu4rc1JxcFjj7hks
2064.3465937827,184o5FSsodQ7GBuiMdHmAX8mVroe3nLHuC
2070.67597412587,1Dp1yVTFmgb6oL5WoNVsLsZso4ATMzxD1M
2074.35625367849,35Rwwc9e2Mj7smFXJ1iXF826cMW3tqfz6x
2077.67692994796,124YoiaSaUssbBeP5RukbSN9Evc3UJfwPj
2077.90969120284,1NGSrXmP3XgXcZFBfGEpzfofL43k8HEp5v
2080.81936982956,1PxBB7rBp2DVXPLZawPpXz3L6AYChnLuTw
2081.731219115,1C1hRDnrYnw5fRN37FmbJnoa6mhGnNYsQk
2091.6023636204,14L5e7Q4wSmsiVtKsMYWnRuNqTvEh3bFcA
2093.5969973866,3BCnEgPtWB9BQUKxszvYQ5nEiKqern9JPe
2100.55447218828,3GDut2YrjRoxor8UQ96JdSmck4Pwn3KUY6
2103.15213533731,15H9kPoYYM6DLYxjGG9irXtgGcujppgn1w
2110.6944360766,1MZpKJt72Dz4fYYTLgKFZnWpCvjAdUKvHC
2114.13614939443,18pqVYUpypciw72oN2wLfXtdutYzTL9ZJY
2121.08599482316,1NWPS2fWw6FMeJEjg6DMMpYxQyB4TKpVsb
2121.92515734954,354uzXmQQyY7Dn4Xox88b6QiQuiJzw3L1K
2126.98615510745,1Dm7rcgrtx9tgrEBowPzXQxeLeJExfUHuW
2126.98724122808,152p1VPp2UYceP9BLtJRLoMgoErQRCryTt
2128.33475489722,1PeKWWWbuCvXGJS5YaCSvyXeJXgpCY8pBQ
2138.78761654618,1w7TJ4AJUpnRVAFdAKfngXVEyDHRbj6Nb
2139.9416544326,1NPQdExPc28cLqUHBPVrEUuxAejEn2mZCy
2139.96190444588,33BLgEXGZecrj2x55V7GtS5LiJw6sL2pGY
2144.56928696128,1Q6VMUacupsVvGgSW8puCdSb65jMVpSunQ
2160.46073160936,3LjmgdB3w31qhW7j5dA24Ce4zdXpNJty2X
2163.47154403328,1EdBvVAVP98zUsz2n8Pereop29y9fUFk2i
2172.24127212,1EG4AmMftef86nVm6ww8d5p8WwYyg7WtTx
2172.2503231253,3FjdEvBaByGeksjtWwq4qFKv2vECheETaf
2175.8616742402,14syZzpPMDXoQEf7yE37dzqBcq7u8qvi37
2178.6629067535,1Kj6epyY2MdzZUCHE572jeV9n7DDRReaZJ
2193.034427178,1PxGTuJzDx1ceFHx4Z5CHaWuhiPBNovmZD
2206.63464850016,1LbsYwDAgELE5Jt3hdGj7NzbfYAsrzq8yX
2207.55775996055,1xe5xLmvnhFSR77hDM3JDeg1xJYgJ24EW
2217.49748430419,183ychAgpMawFf5mxDELJRJzco28bMgnVk
2218.47191017665,1DbYYzvnGB5Wa1ZMVpZhpJSuKfcRbSDy7M
2261.96384314196,32arqtVTvTEDSJ8stqRjy638gFqKXK7dJ4
2262.72739879249,1G23Uzwj55k2A9TRwaTknqGav66oDTkWCu
2262.74534473661,1LQKexCxVAdJLU496ctfBq6S9bqpZPSxKy
2262.74660972321,13MvX7bU5hmVp2NSxczmGfQZsRfCyvvuxr
2262.75025835541,1HKBbK3b1SCRbtvJvXC1Q6VeF16vsiLvYC
2262.75084080571,1EQpQHVWo5Kt3qWSTLyupVSdh8D8h1PQP
2262.75100202221,19cmvLHbyRL6zyXHxip94uKmr7omAW7TrA
2262.75100202221,1EfpTgAMfHnKrLJCKnTFx35SrkPMiiVnWb
2262.751325125,33RWrAoCXZWbHDySHzACuvby2hsUN2A3XX
2262.751325125,33kiThArYF7Z5RNYtCHYowaWJMPhnPUk4F
2262.751325125,36j2r8QWS9ayuJpBdj5fiwBNCH3abYKrUH
2262.751325125,36mGrroiNhBobXVFkTcPESPoVEvxqkYNbn
2262.751325125,3BPrbYMyzgb6BZHHKFrsETBwtYzLqoXcgr
2262.751325125,3BoJ1RDWQCGso4H73oWEEjm126qxeck4g2
2262.751325125,3Cvbte7apJEbLJDG9z2KepwmPUM9uVaNri
2262.751325125,3NfWwnr5b3Nw6HXJQQq2PLm5hbVTuGMy7f
2262.751325125,3PrFanJKum3kpT1XFnthNv7bwVCoAtxeAQ
2262.751325125,3Qei8SQMSq9YRs7HM3CjCfDDjXiyVQASug
2262.75251080669,12owkvCcMPw5u1M692GbBFmpaMdX3kqXQM
2262.75251080669,1NT1jtYLNwFXLztD4U4B9sLizdYatirhWW
2262.75261489326,364YXLSyewMswVPGXBZ6A8ohPquEnmrTop
2263.74693570805,3514MThjb5YuoSuExaDLtsTSHcxhvsVRTK
2271.77801985066,1P6brDbYKsQGqRduaTMa1v8hBqJYjig4Qc
2271.8023304255,1AjbEPKeyW4MCUpwb37Y1HR9uDQso67mQx
2271.89284047851,1CZxDqfoJ9PRVXPJ92P21bk3efRQB9WABS
2277.51623514027,1KfhduLfrU6PzwVGPp5fPL74tvwq1b1BG6
2280.73254957151,16iqmhUox1Vh8yjR71SyuYRfP8oRwXspW9
2282.87515200533,1JN9Annr9ymoYyYEozeC7WCehuCuw1pFey
2283.28997720961,32qHeQXE13Bbr96nMRhpaqwdQvokkviHJ9
2306.60719451509,1HTUTkxowEFDzWZjbXtBVhXBf4RbMYWd7Y
2308.00543747596,16XwK6UZKQxYEkYzZjP55kNzxDFq1GkBM2
2310.81198620584,1PnCvypaJ9XGzNbUg1fxt3E9f9RDYG45Er
2315.06523066136,1HuaDgECUBU3FrteL2BnRkkPLQzR89U7os
2333.34838084164,1GPvdXUJG2rPhBTwTpeSPL7AJkXWCbir3E
2339.42479137024,17j45BXWrjSDttuurcSQubYLdLescJ7eJH
2344.18784487731,17KcBp8g76Ue8pywgjta4q8Ds6wK4bEKp7
2347.73845469564,3K9Xd9kPskEcJk9YyZk1cbHr2jthrcN79B
2353.26283534185,1BrSzBwx2RLuppgGziqgF7oMuneHQVhsNc
2361.53316066177,1FNmCrukCKTEetdZtNtoJGUNQP2WxFaVeY
2361.73587348415,12B4VXAkYi
2364.27303749625,1E38XQRdXVhafXoAXwSZyoxPQ7R5HtmfrW
2367.69013779085,19DdkMxutkLGY67REFPLu51imfxG9CUJLD
2393.98896370946,18cKGtwdQHmnDXD6w6AhBhHsmxnK8gsVHf
2398.5150469817,35h3wuHCVzuULtL7nRtYq9bzWVRR554QbY
2398.5164046325,1MdrdcEzfiJdvs6eVSwUx6bWboPX8if5U3
2409.17876849825,18D28gFc2Xpf3i3zFvH8HMVmE1SD8RVykE
2419.33887589667,1JcDhgEMw7fqgL3qoxexyzCMUJ8AXoA4MP
2424.81057694959,1GPF2vjWAS5xVSD7C8RgPz3txLeng7P74E
2442.86063933282,1DDxJcXkgiMmHF9F78hXYuvNcQvUWqrbcH
2443.77270732675,1PEUv3FjSWq88AgNYefeYaEhLWSiMW2vuy
2443.77301967694,16g2TW2hbFoov3DThSRBdnETaS94bFvq5v
2457.15334247179,1Nmp8y4GNkyfoYgN1ayWPRPVCic1MoPjmH
2461.26238997652,13VD2qFzrsmHCrMnXK2QRbJ6DG24uguYaZ
2461.8748084378,19fBtWE5KefBXRbPAvgvaBN9t2wbh5dRJX
2461.8748084378,1HchsWHmk5jofCkJbV9PXZ4rQUWhDghaY6
2461.8748084378,1Lm8nJJDQVCw6sB7SRKw4qW9RC9izDn2Jq
2465.03924344796,1LawddwNrqHySAMK528KLhPC2d9aWt9YMQ
2476.33000726176,1N52wHoVR79PMDishab2XmRHsbekCdGquK
2484.28530645904,1EUJKGm3FB65rr5W9anAEoWA3m71WpDayZ
2489.92623148801,1JnHEnQUa3EHDY21NSfKk5ZFhFZzxdsvA5
2489.93035631171,12H5zttmnHdjbeVrs6aP2x8jP41wduZEmv
2492.64303902063,1EdkQT8HLUBQQ9NXpKiX4qMrm1PBqjz5iM
2494.19726179347,1KdJ7JBrLGMW39Qg6oqdDBENDiSs4USZKm
2499.28621655903,18MJ3zh8Zudt5mmpUR1qGY8jqmzuskeFPg
2504.92484867873,1NTeX13Gpn9iDHkY1tYWA9RB54gkxBWDLt
2527.0406798996,3Hw5FQpHEXtYWpiRFrju4V7GNPjytLfW6o
2534.17999941723,13KYdPnzGh5H8exFY3FhUo9Rvvs6kKAcL8
2534.36575302704,3LgcKq4qzAF3e6eQzg1CDpCWDTeXyx6gV5
2535.18237768133,3BiVFb6YajD2x2arjwQbvEXJPiZyz5zbE2
2551.47821319084,13HnbdBhWxGyYFdLa2XddvSkLFn6dUPuTM
2568.78527090991,16sEbXbZd24L6uWgreeq8DYuvsQe1JiKXs
2571.09037341845,1E8gXiVfi4i5bFnA87kQPXtcNQCGBSa547
2573.07042335412,3ENSy1toeju14DvbWDqUq4PdWucrqehoEU
2578.02483067191,15fwb75zcQzNrWTont7bn7dU4twt7psX7Q
2584.93486720885,16qZyEpmAVV9nF2BJoFQa8wCGE6UpUDFin
2585.9127975853,3F8e6Ch3T1c4ZzmhG8HFhY4E3gxsd6orrg
2610.27037701102,1CfnWyEnznxNks3hdqsFqmrQt9caH4UTza
2612.46218661091,1J37CY8hcdUXQ1KfBhMCsUVafa8XjDsdCn
2621.16935378696,1BpT25yVRGmQ25DHbEXzmNGbgFtjkdhz2e
2638.05928228688,33Ln8TxUnh312CFcs6KKT29np9VJK4SdpJ
2640.10654970348,17FVPxNL9ty1wjNpGEc6KHA7Y13mTntPKc
2641.08054192417,1AenFm1zSRkhtPHwZmP2UuRQbWpakD8cVZ
2641.14663303465,3JEAszztBTBtsGgxT75mX1QMmvp3FbtLZy
2642.54681745426,3QkxHL7hrHXCUeVSQ3GxZSjDh4R9XaXJ3W
2647.53759860822,36RXCBBujd6qo9Q2mq55ExK6Lh3Ki6e9fq
2647.63211106102,38qXvWwLDt1BmkV8PxYLLrg4BwJ9Si5GuP
2650.1796070129,14E8GqHtVYUsaddF9g8KxFfFNHEdCpRTUX
2659.89537970761,15HiQkbvQMoAzXyKdQbuCKTGDxTswYBUf5
2681.23324415871,15yxi4yUoknViiXA9cQwaqC1GraYWF9XuW
2684.52944832005,1LQaq7LLoyjdfH3vczuusa17WsRokhsRvG
2691.76877000578,16meZMCQDcgskEjTHVq9hn6xjV7o4jzeke
2696.29375860418,1LZtHnhGq4PnHrxJ5DFzoNcVfj5KFw2m4Z
2701.71499075374,1HoDPH3wCSCiyGmSXX7xiadW2DayqaNaCo
2702.74571352617,18661AtApk7bxzQ6eenq6kcZcuASw1c2Mt
2710.88273431857,17TZNT8CBPzUPDfKTXC25RQHrW6M2q6kRo
2714.30597956695,1KpwMa1w9DTUCB5asCgUdLRA22hto1Qgqv
2715.29771595769,1CXVBTyGw6bXQQLqoSvuAxVHfB6NHbPFpG
2715.30082552107,1AGAvShyB22eUxz1DKfBBgGENDSZP8dcq9
2715.30159015,15cn9aEhSvCmqD5JayCXJLYYUA1MLkhjCf
2715.30159015,1C17RRUsEMV5k5n1wtyhpqPaGbEKrC7HbT
2715.30159015,1Hc4EvgZmWECnETeTL4w4ySz76JxubyRjw
2715.30159015,1JsVDf4i6MPtzf9m5XRDtj1yN14eydRiJM
2715.30159015,1NpP434NshAbbBoSKgwppBJDihDu86fgT7
2715.30159015,3Ci2xpFHxADnMdjdrosUjGje773qaEiKEL
2715.30159015,3ESwKQYa5twmcuYZodD61PRSJd21CWDBeC
2715.30159015,3Edx3g8M5AGRwH9t1QZi3cuLALR5PVkiHp
2715.30159015,3HGAHKgqmgY2f97DHz6PQtquZKG3vJcAtq
2715.30286634175,15DtovKcGFiAJmyVfbjvCXHyjtyoZhyyj4
2715.30286634175,18cuc8LeptuYSCnCV7mTWkbWfviafWzgs7
2715.30286634175,19HhmfxGsznL8K7wXjZiFnhqddQucgfZzB
2715.30286634175,1ArZGb5V24gAgN51FeQknobi6kNyGx739r
2715.30286634175,1DY5mnjeoZnW8eKesVTB5QcJeSoMn2ayN8
2715.30286634175,1FDVbVJYKkWPFcJEzCxi99vpKTYxEY3zdj
2715.30286634175,1FgmSdxZjAwWDoTwy235fHk7XY1Ea7neyF
2715.30286634175,1JLyNH2eNTji5hVw4Rqct4QEkte9UbGqP9
2715.30286634175,1JjMoB212ctAiuDvURyWhs813yY4c75cap
2715.30286634175,1Jzjx1J56gorBPRcA17wHvGx447YLisDW5
2715.30286634175,1MCG8dJRZpPPZ2Po7jxXLYZnDUSBZKryx3
2715.30286634175,1MsYcBU7c8tRztb1B1fGES2s1WJsiFGt4s
2715.30392125452,1GEwJ4oiNgnLXRuSuRMb2A3vEz6qWMAFnj
2715.30611565265,18avsjvYwFjp5TsnuDLhX27ebLvpZKivCp
2715.42031556255,3D77cFbD8JUtnVeMPcuzc7e6L6zZmSy644
2716.20515287805,333KZ47UUs6teM1guthwnMrPrEt1Q8Venw
2716.20533302926,17NyjrZdybV5QQFoAvZj9SBvKQzZrQ4xbB
2716.20669068005,35nJvkEFSgiQjtFdd4kRrzJjnQ4tAvXxHQ
2716.20669068005,3D15C8yuFRiMYPfptEP6EJH1GKAqE6F1oG
2717.00036696294,3NPzRahsrncVtc5ByH9tQPYQvLzFL8ezXY
2720.65426083484,1CF7coQTcSti5oD2uPo3JEmdfZt2kmeLg3
2727.06215110044,33zdQPMVWZLGWw4hivHFtYApNrEgggUYzT
2731.63947835888,1MQ3UtURCfS96AxC5oZhfWF9eYeRKZUcNr
2755.15992677447,19TLEm6iAEBhLE92pFY1uicHZ6awCaFzab
2761.00736576747,1Lg5pJRaWKw6n2J4CBjoEJY5ZdLwBu21U2
2777.44579254323,18jGeboNHt1YpsDFcCeYPKm8qnAe9942BG
2789.13531027952,1EgH7EUfgjr8gAK9t1BeHLDC1ijrVvdec3
2792.98764483594,1CRjqcFsMqgeFm2vcs4cKYtaFbGrvUNYtD
2800.91727673983,1JVTZDPpQ1Usmx7ypjVhYeNSBFiWsAoyWi
2804.90480485909,3LQ6XUtZhoZ8kLiQ8ETgWhs2Q5e12nNu4f
2838.52597563346,3ENzTcptw4RQzcg5aMdw2p3DL5FXwGH1SF
2842.52921280423,1L9ipUywwErf9EaKCgLqrkoSM5ab3wrjvh
2846.22908657954,193zge613zys7eSkQYQVd9xubovLN8Sr6j
2847.42775349778,1GdUzAYZ66vUdjziPGJz4TRv7p41S94oM7
2851.06794584925,12mrdg2fk87Jmpaoh6dYUd2C2jsoAjYZDn
2857.90146212813,1JzQCktT78Ym1YzE5LScnpigHuY7oAxK3q
2859.59251903997,1HKrPXLJuuaL77fDvvDSayTUWuDSuBAdGg
2870.84221498524,3EY2waTofApQK4cmWA8a6Ra7PDz8JS5DdJ
2876.40904643024,17k636zpkoWYiZ7WfDELf5mPLqM3xE1HNi
2883.82604863636,3C88nnAsBg5F5hQxNW5Mq2AGEXTuSwiC3s
2892.85652783171,18XSK8h1avwT2J1gvP7tUvH7ncVwq5RUD5
2909.46810938988,16oKJMcUZkDbq2tXDr9Fm2HwgBAkJPquyU
2923.4747120615,373BRdPtfMycB1yYhzZ2XNPDjvBbYQBsU7
2926.34524744356,1PTYXwamXXgQoAhDbmUf98rY2Pg1pYXhin
2928.78766736048,356xnT1xFW89d4jSBww7QSiTELnuePLknW
2932.52573546401,3HcFaPHsxaf9NH7dyYHZwtE5mMTPFV3SuV
2939.33188326781,1BcAQzuTiVjQ41qqRkLLZA86Vm5qrtJ6c2
2940.49196872824,1Gn1GzVa88T1X3fdhejyq6jrZs43T24xW6
2944.71698521617,34zywvjvTbHZ82due9SZut6t25y7CJX4JE
2951.49074109213,3PZa8JvUpm8c361TXALHQpHQonYadThMcQ
2957.86510386361,15CZNdLMnEtocBxDkF94dkPGRbGny6FWYg
2960.74602780854,3KD8eCB4Nt11tMrcDvR6DMKeUXpdhtdCmh
2980.45989573948,3EyyYsbb7sPV6e6y4w9rX6AMraPcggXw8w
3002.23503017736,1DXnx1Xcbajm9wD4qVC4niVTn7yn7r88c7
3003.34602676836,1Nai1RjUuaLkPgggqdP9646VQheoPyc6xy
3032.0881423693,1FvUkW8thcqG6HP7gAvAjcR52fR7CYodBx
3037.03829757006,33ihDBitHf1iCyHKRMccXaJbiHNeMHS3fa
3037.20847625521,3Kp9eHrUPENrmoG7g3V2Mk95zTVPXPBgnE
3041.97855289043,3HyULbPVM739jPVk4i3PKZ4LibhYP1HsLc
3048.3799519102,1G5tLb4tTGwRTvr7hS2HFsxSRLFrRxS8rC
3079.66909621392,18AYc2Ck76LBvpPVLGoFP9wK3TiBXwwG4A
3085.0061379758,1Frat2RPPfpwQq3UWZmQD6DpYgtykNjZxA
3088.13685508585,1CBwhiVE4P6mYYDyECfvwy7RNLv3RAh9UY
3090.32622667074,35RbjgvQCHRLrVQn1guWGjmabEXuRGdh3P
3123.86758981669,38Y6iq3e6AhGp4T8C1vUdXafvuFmCzERXE
3139.0089630653,1G6rsEjHmKXWuwgMavSiTvH5DDTi1y17oj
3154.12178283596,1NFozqreTLLKD4CFoFCNwievEv5W4dVpR7
3158.60782076794,1Q8ACFJNpmmagtdzjgMRFtFCuajH92UkiL
3167.85112177204,1HRpC4MqQsvFpQRpXtxnyB1Y3YQfwY21Du
3167.85170931805,1NXABBfzM6JeLmUX9ddNLrejA9eAQoguZm
3168.7560067886,14uGjZd6G8Lz2SZxpBvZrsBRTvMwGTcb8h
3247.46540289873,3E1eoRKNsLqoPmnLBEpueDYhbdQKx2t5C7
3258.36190818,1CGv6mq6SHDH3a9kvzYxz4TLaS8Ryn9sVs
3258.36436100244,14mPMrRm6TdjqHZhd7aBUbuWt5MYWReukR
3259.23655581528,39LHh7qn5ajHPbDTiFggoJmHeGdeaXqX3N
3265.6027124204,3ACjPxGqLqyvN5gUneHqqquJX6aMWnLR4z
3275.55881825095,1HAn2QW5TtH5vtwwxUs9Jcn4sGtzsyk6vc
3281.09614423326,12yuRAJtQNMcFXkHznSdZHEg91Jc9HvBfW
3283.63434421438,1KwiztHT2ZkL9DLRYqK5Jpk9mPqGmMbKeB
3325.51901890992,1GMFSWQQQhCQyRNQcac9tDKcvqYCuripVs
3328.88643638097,1BQN5YFDvYpU11b7V57w5RerYYhhdHFfmk
3335.6039241663,1PJVZ7xsiubrNUNvpFo2327of9oD1zRygm
3341.62376907963,1Lz7sYEsNjvh1psez7s6HP77N8qTmbvgS2
3348.87057603725,32uBy1Cik7zfLSW9HjyV35cu9t14DL8a56
3348.87207884807,37hBptK24xiXDBxzqBWTCAU93DB9kAG283
3353.48449069938,1BBU8QCoTMyvqnwJesqEnr6et7SWmM7SqG
3363.35820378051,1yAFNheT6MyMddhYXqjW9yYgNh6KiKTWb
3403.41255856079,3Jq7y2tEreD4pCykotG4FjRPhQtaxzgm2X
3469.82888854,1Lr1soxrRePGNaV7w5JXoD4qRr3Aj2uZUY
3470.45198420976,1NznGtukoc7Y3bK9VSCJt2B3HfJmJ3oT5Y
3480.89299219152,1JCPJ2rtngSz3xqcz8VqNVPnGVkB8Mxtk4
3510.65757001105,1EEqRvnS7XqMoXDcaGL7bLS3hzZi1qUZm1
3512.5018449111,1PKSb3sV5rFsYNFqXdToxLopXdXzNaNU5y
3529.892067195,3FfMoCj1gmpuVmPZWViHhmjPnGjC5eV9ps
3533.51202358034,1Q5YT4TU6skrLs2LdqDmRNpvFaQYT4iAis
3547.994077796,37oqriHdUZHcynymq4jFgKvC1XakSeb1Ju
3575.13551964301,38mQDUkHpjcSRdTwKgtpeh3Quxs2j2tQfM
3585.04645147166,1C3jvpxJXgHYZfpSN4Yt9NDHAKSwHmzv5k
3586.5709512771,15MZvKjqeNz4AVz2QrHumQcRJq2JVHjFUz
3591.83374223,13tFMLX8WBaGS8sAKFKgKLUkokJtLrY7aT
3609.68196515855,1MDWuCZtwjGu6MQawGKdMryBf77ST4ytNg
3617.15686901694,3GeW9E8MVVj9LcPDaodd5UNRoWRvjNZjJ5
3620.40023556347,1JUuAaHSuxy4hSuBz3HknjLdCtmL28Hcj8
3620.4021202,15GP6FYZvwKZxKKMic3g1ND9iKQ8mfYosh
3620.4021202,1DamLV6Me4FMvrKf3egjsXwg6PDg8FpuGh
3620.4021202,1F3AKr355ZpL5uceCovtEvq64ZWRjbgTiJ
3620.4021202,1HmccKNxcFm3xMmjgHn5kPhR7jczZrn7TW
3620.40360909037,18eY9oWL2mkXCL1VVwPme2NMmAVhX6EfyM
3620.40360909037,1ALXLVNj7yKRU2Yki3K3yQGB5TBPof7jyo
3620.40360909037,1LwBdypLh3WPawK1WUqGZXgs4V8neHHqb7
3620.49337343105,1G6CrCXcD7Hr9b5dPjwyAmGbehyKC2cize
3620.49366329855,1VeMPNgEtQGurwjW2WsYXQaw4boAX5k6S
3621.21846298788,3CH7NTTZryJhphKUXbMiUhVQVVyQxrPSUf
3633.18082164071,3864mmJRZ1yqxQsishnMqBt3SAHUPReXy5
3639.61632014253,141dQoLTKN9E17knZKdEvGDVcvUtzpZYYY
3643.03533158406,1JwgCVCnw8ziAnXA1c2VqUaMVkV4jtfDmw
3652.08030839006,14q3tdc9R3p58J41sRMGkJwxewXXa9g5qG
3664.75353506282,1N5NqDWiLVqtU8mEzCNEeEbQVHwuGGChJs
3673.49336514476,36MYoGMdAYir7PU9KBiMP4FEEubSRtfK39
3718.87854675981,1GX7i8jG8DD1mG85BNnz7xybVhSmw84Uii
3720.14419861151,36Hqq86gcRUEBkBr7UzBeiFTaWLYYxzUhH
3738.27250781351,3GHMSm31sTtVBr9hdDGcRcZmFmkgHts5Wb
3745.22238022329,1ECUjVU518ziD2XjQVwdJ9jE3Mu4YbyPpq
3756.16467078421,39VSZVTwLTuLMEtikfrwyhJFskbRf2c5Wz
3760.01192874942,1FdjFtrBwf9Jc9fsGN2GtHmG2vs5ZcEuWH
3768.8362662667,1AaWSnYDwxV9dzax2kdzJvdb9rtX2jD1s
3787.24824058205,1KU5qRohBQGQNjDNna22837Qpx6qCcUGfk
3794.85570243198,1AtwQz5WAjTRBWBHmG5dpw2qRidTTGuBUk
3804.85419799418,3MEEA7FKKVxRYBNB3XmXo1BeBDYbeqioUj
3828.78964880558,3CbsvhcvGjqW4a1u5yLWanfXaT8Z9Jd7CC
3847.57683219267,1JCrPqogEKEpM9fuFQV7LpF9e8cgf3YZ8m
3872.28976669454,1KMCYrkgv1xRMYjLe1txxamJK5tbxrs2Qr
3882.08745830043,3N5Nny9doXSfjYh5k9XNdG8baE1kiayx5o
3887.49215769363,3JE9ztAt9wh3hiX2kBQeqr8ccVzp7q5rFb
3895.34339131923,1BGWTNeuFotvRE8PMriurgpB679efwgoTT
3912.14466294139,16eb495TbiCRbRbZv4WBdaUvNGxUYJ4jed
3915.32066070133,18hFBPU81kC8V4Dp4iwdwQHakKa5TW2ZkJ
3921.80208559702,18Hp8j2JMvwtPs1eqNaYEEVvuFpjQJRFVY
3946.23794897779,1PS8eoLVKr5ys6q5AvAu3VELBr41coXt5W
4000.81099596347,324N5vTGwPDyHK5XVzChEPh3UbE6AcTBZE
4061.05818154718,1MLiPwYjNACQHREFKwGtkPpWgd8PqpbuQ4
4072.952385225,1LLR5c2CamQqiMkpH8UkcWWyV3sLuRmi4B
4072.952385225,35pXACbX83dtPJDzK958Mov6T5qASowtDQ
4072.952385225,36t25RnypQsCAA71MwFr5WoTaJwUCcC23S
4072.952385225,392JEmwtGF6NwTnrbMwkPYsYXzgCLS7oPW
4072.952385225,3BNynhH1NbpaQacgpRuzLkgvX2K93vZeBt
4072.952385225,3Jnzbxpg8kitmukXXjstqXManY12xNkhf8
4072.952385225,3QVcp18SitG2ckes1xEB9rKnEPtsCohpSc
4072.952385225,3QVnJK99kVeyqkRhr8LgzC9RcGhBTSGZAh
4073.03754712043,1JsvEHA2AKHjkzkN2b1Z4KRMDaQwKLH1C7
4075.90174581222,16aEn4p6hK4FMpLtJGpoQZMZ946sDg1Z6n
4090.13906765995,15UKQViLa2qsyya8F5JdMfynEMoDH7QFZE
4127.118762107,1LhWMukxP6QGhW6TMEZRcqEUW2bFMA4Rwx
4127.64432599005,35ty8iaSbWsj4YVkoHzs9pZMze6dapeoZ8
4136.3094223285,1HRYzJ6X7ynWjngQPVksPxD8AB3fvHgWaD
4142.85714833609,12fpWFMwgjvL5zgd51j1zreLtpEuSmJa86
4184.17997832055,1GB7ALFWaVJbAT5CnHi5fLR6GxCyCkDK8k
4203.2868615522,15JUJo7hANwsLSAxBnQrZsMgLTfwHiu4C5
4250.65074292815,17GGGHWtyi7e1rxnEpcKpE7fHq1UZBguAb
4253.42604403079,1Kq6hXXiSpdp9bg9hDDyqm8ZfvgZmzchjn
4254.51270979079,1CjCsdMVcYUzmRc6dQN5296yYpUeKZJk8J
4319.96670011223,1KGge7Aaop3wiwY2EFUnxSyXu8FDn454VN
4337.24313837992,1Miy5sJZSamDZN6xcJJidp9zYxhSrpDeJm
4359.85932701334,1MvibxSj6hGwcmiKTTaRvGaGpFaJSmik8w
4376.69835884129,3H6xg771GkHAGbNtddSatdpgEudgyzCJP8
4417.92389013863,1BvNwfxEQwZNRmYQ3eno6e976XyxhCsRXj
4420.95448802392,1gtmmzwhqUzhb8XoShHwgyrzbJwdZ47ok
4434.992597245,1BXZng4dcXDnYNRXRgHqWjzT5RwxHHBSHo
4434.992597245,1Btud1pqADgGzgBCZzxzc2b1o1ytk1HYWC
4502.62782950216,18GroBkhTZQ5LxqGDhb4cLCFDMe9VwmCwk
4513.27684137919,1Kr6QSydW9bFQG1mXiPNNu6WpJGmUa9i1g
4518.31353087027,3QnERXJPbFBsBN6PH5NdrioEyo192CQ5nj
4525.50082194693,1BpBcEhkukjsFQeFQYpbgP49gHTckAbE1e
4525.50163653741,16Pw54hFQdj5ae8htRTDiDrjRD9sA9oGRu
4525.50265025,12ytiN9oWQTRGb6JjZiaoWMAvF9nPWdGX1
4525.50265025,31npEJRgXp6Y6EBE2vpieJ9piNcuNJk2iM
4525.50265025,32ndVjd4VcWJQKrDDhvZnGJP9tPXZCBpuL
4525.50265025,33bJ1o2iXkiKGvEqgybyQXHSioLgf1NE5V
4525.50265025,33pGeaghJeHZuGbjEeraDERzYVbMeeKSKw
4525.50265025,344pUP56enuGjbPdyubYEqoxB6VaFmD1Md
4525.50265025,359gzyFdBo1gsfRMdbuMGuZu9CWphrpcMv
4525.50265025,35z7BVppgRCmGwsBZkV78QBuNn2Z673JBk
4525.50265025,36UiV6sQJk7vEcAfHZzYkv8cH7HCbCZuDX
4525.50265025,36o76V2TKxXuHr6H9XRBTBrsaTurhw3Tkz
4525.50265025,37BPk5sfWwpTKjKnRo4H9GvdoFLgcG3fct
4525.50265025,37NNbc2H77uZvugpNs83At2A7AnWf236QJ
4525.50265025,38uEUzAbWBKduMJW4swyt2qbZoSZFBzV6i
4525.50265025,39v8NEiQmrz2neEUDNQVowcpuzixLSmCHt
4525.50265025,3Aqi7jbve7mPRYXaVWiHSKfcr2aZLeqZU6
4525.50265025,3BEPs74c7KPm4FG9nAxbSaSPMtNBN8D6vS
4525.50265025,3DZE2TpFLEtGgBt3VxaHcgCKjYsKGLx4DV
4525.50265025,3ECNEFgq1TaJ61JYo5L7SeGMbmuLBeASYP
4525.50265025,3EfikScbv9cR6ho6yvsKTFCd6HCHjJi8rs
4525.50265025,3GjMFECq9TLNqKc7vENretQU7VgdKiLBTx
4525.50265025,3Jar2U9ZMwHr2eYDQP56tpczXG5W6jQtQ1
4525.50265025,3K6LdP3sQyZwvjv5nrUpxdLe5vdAmHroKW
4525.50265025,3LGDmZdFARee5zrvSay7juRHjvrDHjKwiL
4525.50265025,3MKE9KEpxyMqdzkQyqZkAi6wyAwy7jiWa3
4525.50303039222,35Uay5K9CKvYAepLer3GJkPZriJaxvKhkS
4525.50303039222,379PCDt3hekuuoNw5TtXsh42a4Y3fBfkpQ
4525.50395812027,1494KLjiYyUKawJJAQ9MuTDG9DDMxFiahC
4525.50395812027,14RKFqH45xYPMpW4KQ28RB6XtrZ8XpEM5i
4525.50395812027,15n6boxiQj45oHcmDjtNMjh35sFWZX4PBt
4525.50395812027,17na83aXEao3jfXJXEN4uuvchgAjg1Mw1S
4525.50395812027,19t7WpE7jM3APXAEw8yxhw33Gf1sGn171X
4525.50395812027,19z6WynrjHeD5MMv6919BuQRwybuen1sRv
4525.50395812027,1ARWCREnmdKyHgNg2c9qih8UzRr4MMQEQS
4525.50395812027,1DaCQDfStUgkPQXcf53Teeo6LPiKcVMBM9
4525.50395812027,1NJQZhzYac89fDhQCmb1khdjekKNVYLFMY
4525.50395812027,1NQEV6T4avmPqUVTvgsKkeB6yc8qnSWfhR
4525.50644492923,37EBJHs5NxDkp2rK8MXkp7g3ty8HAbTfWs
4525.51309963562,18xGHNrU26w6HSCEL8DD5o1whfiDaYgp6i
4525.56485961963,1JevQLpYsKAt2STFZWmQ8TTAfjSC8RTGdJ
4526.51184439174,19m6XnWC7cyUwdT4vNcVBa5Mf7t3RvPk9T
4529.12042757866,35oxA5hR13kWot3D9v3wbfJ59rF5i7LmUK
4593.38640736396,1BeouDc6jtHpitvPz3gR3LQnBGb7dKRrtC
4693.60663756928,1BVtDi7txPCG2TH5Crd2Rw5MtpivbmoKgB
4706.52218405544,3Nm69xCQh6MGaHUBJmM8MhU6wpDm5dK1vv
4715.53932525494,3QercMjovsSjuPtJSaYNpzMtgiRb5SJuVd
4731.23961106,1M3WdAcYoxZVMbiggKz8z9Q25J5iiAKCXJ
4850.00407102425,13gJ1pneUUU5EoAcx591utUMjc8fRjyfPh
4862.1998745544,16U73UFaXTE9uPpyDWZ5AjCQbwYesrp1Sp
4873.24040985877,3HtR6KwmWNnZeKRQdJ9VMcB3xznXuYqvo2
4896.59477267103,1Edu4yBtfAKwGGsQSa45euTSAG6A2Zbone
4936.91328995624,122zHqVVaY21SEjSPeHqVVs9qFDwTV3duS
5028.72369319941,3KWEZ5J7QDgUxn4kiX2h2BEJQKkdQJQj5g
5041.82197694831,1GJTxxxcjHDjyppPeSVEcXaAjAMENQwpC7
5048.51499153939,1KRVgStcQtEhDwYP5TE84JEuKEPuNie1w3
5064.33062255951,16hL9BVUgjATSHPU72MpD4E38JhqxDuFnn
5068.56246432003,1DR93bfKVCUJkDvPuxbUAEtzYRaJEnwjNt
5127.15880221871,32U3hXHnLA7stLrfSfNzRQykreB9pYoMT1
5196.18049112712,1DK6Wq1Fs7ACty4dnE2DS2BJoMp25b2CWA
5202.2603004513,3Kg7Cmooris7cLErTsijq6qR1FH3cTiK2G
5344.42537373087,1PNJfc9MzeBGV1UAjegqhFJb3erejqKHCi
5346.9364023316,138EMxwMtKuvCEUtm4qUfT2x344TSReyiT
5409.78525882233,1LHczHRpBMwRDDihQpmTyjb9TQNcMBu2gv
5430.6031803,14rDzrB8GFr5kJbNHgXygGTnb8mgWJtX8f
5430.60687311016,14LuAvrRzAmeikgaafs7H5695xs5dVXqA5
5430.61248496878,36Qe5CnoGRx9nakFD1rdPkfvuWzSk9c6Zw
5432.539396751,18x5Wo3FLQN4t1DLZgV2MoAMWXmCYL9b7M
5495.31822163128,1JdTWTAubsDWXWd7wcsFwMuSapMBh6efrQ
5521.113233305,1aXzEKiDJKzkPxTZy9zGc3y1nCDwDPub2
5534.43320383359,12DmMxnE1wyHnhLa7JdZbTCQwQao7vXPP3
5549.17094696681,1PnZrjuLngJ4Fszu5DY5ATHyAeNgT2FRvY
5574.20868597161,1Dd2qzZoBuEj2dFHCUHkVdabJGFw2iWBGu
5583.24227455838,16XrgA1MM69rGHPPWCXt4osTZubsMaUuy8
5611.61729615557,32CXfudigy4mGPmxd45RLoebAnHQJNf9Zz
5611.62459418027,1LBBmkr9muf7RjjBbzQQvzNQpRRaVEnavs
5668.57402186181,35PcCvtG1qp6zDeBcZaUyrRsp8MNq4H3sN
5716.52936601518,1JxmKkNK1b3p7r8DDPtnNmGeLZDcgPadJb
5789.18591992575,15JvEQtxYZzTEEWavrcyFJYWZywiQbYBrW
5893.97966502461,1AYLzYN7SGu5FQLBTADBzqKm4b6Udt6Bw6
5903.43523103771,1LVBnipcnkwqHKaXcHeV9gcbPMvByaJkqk
5929.91330807955,1A7znRYE24Z6K8MCAKXLmEvuS5ixzvUrjH
5941.45495290785,1NtWPf3sugCjSd2dbcQt7P78cwhkzbHyHz
5973.67028658398,1HDu2mDMr5bcgoGBty9Usmb8oH1rTDJxQ9
6049.26927218422,1BuQsPKNUHrBEipkV74ZJhSKdp4oKyq96i
6157.14527594432,17CeMR5esUfufb2hbiDEbut1yFeL6ErpXS
6188.17232395185,19kFmkPri6W5grwTW4NraxCkiQPHupSBr9
6225.02193157617,1Ac2JdpQ5c9NeSajdGx6dofxeXkn4S35ft
6281.93528668425,1fT7ocQ7FdTZnUAjyyZbPQJr1UmxvFxHf
6326.64550714702,148vGgpfsdztGw7c9wH57bvgT1ev17mpyc
6334.79996747075,1FJuzzQFVMbiMGw6JtcXefdD64amy7mSCF
6335.70504130033,1DzjE3ANaKLasY2n6e5ToJ4CQCXrvDvwsf
6335.82783652457,13eEt6myAo1zAC7o7RK5sVxxCNCAgd6ApH
6447.27244791842,1HTzd3sKVmrTNZ6QGisPPA1MvBkoyPiZWJ
6486.85599649262,3KWeovX7hj1jWkECaaBbinNfR1XbTG6bfm
6509.4830121196,3M3XYv6jME7V1xRuA36PDFEei4ZsBr1yib
6516.72381636,3GodiwrHFKoP6TFWU3eMpxNyfhsyVpE5vq
6552.95818346484,13Vj9xNqUqTEBtHuELRjdVTktovQm4MAbS
6606.32788925825,17UeHpPmYdryAK8M4DJ86P3qyUdcorY4NX
6607.23649415654,1PDQX9hf66w5AZPhs22CUPYSfc4Ufgosow
6969.27272026767,3HCdgNiAsjidcGx4eeMK9AXvXBfrnteunW
7024.74769287176,3KzXtsdodEycyfnzsrPAFgiDrXEHQ2bQby
7044.39742537915,3P4uzQ9igj22P1H8BYyQRqF81ogQffqPuk
7160.3471397878,1H2wxWG7tx1KQhbsCCkpythk4M9Gn8iN2S
7187.45951596048,15Z5YJaaNSxeynvr6uW6jQZLwq3n1Hu6RX
7240.8042404,3LYVXisJwgCVMNyZ6uKbT2Qc1rqCc4SWrC
7240.80643424602,198aMn6ZYAczwrE5NvNTUMyJ5qkfy4g3Hi
7243.58199392672,1Kr7C87K8uTD41iFLSSLBBetsu4WCsp89D
7259.54121984286,18zuLTKQnLjp987LdxuYvjekYnNAvXif2b
7497.25232771955,1NpZcfBnaJeoRT9ZqwZVRMw3SRs546VsuE
7503.29869258526,33eDzMV5SttT3Q3nDW62RWK1boq1zAp5mJ
7683.04289980178,3HsSR84zReeBt5fTMESWJ2y18pMo5gz2Sq
7729.1035317669,19rxQRpXBMQcbsYcxo6w9xL54o1sXDeXdA
7742.50806314082,3MHUJ8msrtNEscLr9A6bTLXkeJDakFvGz2
7792.28303331997,37aM2XEPKZzHu1WxmRnDpk4YHPVUxu11Ra
7862.15668955591,1L6zTihRVecCjisYkn6BuXKrwvg8hJFC4f
7880.27184455176,1DnHo7vKjJ6HgBoU51WPvdSqEAXhEEVMFs
7912.31236550043,1HGVtEtKWayb56xiZ4YJQieWFv8m7GEc7E
7929.62155140953,1FfdcppWbJ7FeQFznsjdLYNXdwMdoiTGSA
8095.52410236201,1DWxysF7GPRYGShNxL5ux2N2JLRa9rbE6k
8145.00481689178,167ZWTT8n6s4ya8cGjqNNQjDwDGY31vmHg
8145.90405632568,363yTN95unVSiCXWqFg3c581yE87zK2bpN
8145.99528050301,15nMWix4rnpr7HaZkvfMVkdFf2YbUtaGsj
8146.89585209102,3LU6c1kocsiUZVw5RHbckmSAaeTS61RwWY
8286.07106388618,17CzhFvGwH6TT46JtzhnhMpTw4mHYpEGCR
8381.23271719692,1HLvaTs3zR3oev9ya7Pzp3GB9Gqfg6XYJT
8475.96778979434,3C5pdZxVBDXEkyy2qsxzFRyAwcn2rWF17f
8530.37538981563,1P9fAFAsSLRmMu2P7wZ5CXDPRfLSWTy9N8
8598.45367782421,3JcXikTM5p1JF9KEtdPVynvNGNrCNqnnz6
8598.469386749,338txhcKtFKs5YEY7N7SkY7ZXreZGeEaC2
8794.08828428865,3LDxcp6euNmhCH4MGE9tFHT16DixjaTsbX
9050.10038110772,39T3BBsiKxeeu7PebckN8ueb7F84iegoZL
9051.0053005,36nqPPBYGDecvwbajvZ911UEdz4N9i3YeQ
9051.0053005,3EVbz7mBRpKBeBp6Qjq1b1uMYtRgTcTLyc
9051.0053005,3MnYVNYCEL2okaBa1et3bXtNA75tBQXHKc
9051.0053005,3PLrtn4ELjmJA1ENdkTD59QFVfTrMDypJM
9051.0053005,3QaTfNSuBo9PEHnhQKFNspEHvQXwib5g63
9051.00566254021,35fe2CM2zbMeSfhRjpjW8ikTJcZj8NooFD
9051.01079212506,33QoG5ioV4hseifKT9iaqrmD2eis7DicWA
9051.01346084112,1Ki3WTEEqTLPNsN5cGTsMkL2sJ4m5mdCXT
9051.01396233923,1LfV1tSt3KNyHpFJnAzrqsLFdeD2EvU1MK
9051.01407997514,3DwBwG6khA63MSCgjrhBRRVpEBibbHuur9
9051.01429633037,1ucXXZQSEf4zny2HRwAQKtVpkLPTUKRtt
9051.01438684042,1CPaziTqeEixPoSFtJxu74uDGbpEAotZom
9051.01438981821,1BAFWQhH9pNkz3mZDQ1tWrtKkSHVCkc3fV
9051.01456786053,1KbrSKrT3GeEruTuuYYUSQ35JwKbrAWJYm
9051.01456786053,1P1iThxBH542Gmk1kZNXyji4E4iwpvSbrt
9051.01459081388,12tLs9c9RsALt4ockxa1hB4iTCTSmxj2me
9051.01488411171,14YK4mzJGo5NKkNnmVJeuEAQftLt795Gec
9051.02054242008,18LpE3eaXgzUc7XGTNKCgZkD4EZN4NcAbK
9051.02098591934,15jdxjFhXUsp2xuycmKnjw8yk1WsVon69c
9051.02736235257,19PPeuu4jPjqtefSQ2FDgKmNJ88Z5wiuJt
9051.04277166195,18mkjbVaHAcMauL6iiy7zm9VjMYCjy4UU1
9052.58017542229,187Nqgq3WoKihPNMtWYfRe6z2CFUJhbgFh
9059.38856705176,1f1miYFQWTzdLiCBxtHHnNiW7WAWPUccr
9630.63312815917,3FXFshYr97aQUizVEGwdCLNdDihWtqHsT9
9748.40811023909,1F34duy2eeMz5mSrvFepVzy7Y1rBsnAyWC
10048.4260846151,19G5kkYvjawZiYKhFeh8WmfBN31pdP94Jr
10123.5734726048,3Ak9KZKmuhs3sF7aWhzATFSwUdQ1o1hNUr
10260.9813111583,1923qxU74HWWz75LgWTsPE4FT9Zyd6n6bv
10680.1866665284,15NQthxeLSwMtEaXJFM7YUCf59LzmFjkeH
10716.4256110434,13sixi6TGPoWvbi2e93wdQSyJPPN7vNhx3
10861.4688397537,1HBM45n214sV9yXoizBwTksUgEysTPpk46
11209.6281549396,3JL6FwvpGc1rensTJ1bjpP5YtxWUFLpLk8
11585.2863389051,1KKiEAkpnQR2FH5kpkGP6442ZDkd6ZdrRS
11766.3534444958,1GKztam9D8ZWK9GxsNoNZbVSVs9Pk1nAXp
12309.4997468679,173gzzrbkCaX6T2L5QUWcXSz2rFo3BAzE7
12580.897367695,3673hPWJuUkbdf9RRpoSLLtuXMG44FsLng
12671.4074207,1BZaYtmXka1y3Byi2yvXCDG92Tjz7ecwYj
13123.957685725,3645N22DDswRxV4BQGbuBrgHCAYUmzcHU6
13576.4169949621,1PfceCKGraSPEvx6nfjw5ZCLLy8Ct23Qd5
13576.5069370374,1BQsFpsEiZyecSTytUq2SDLbz2Ngmp9ibc
13576.507545265,1Em4qD9rUbeDAPYiymXY9BnQSadn4bGWg4
14251.3104950268,1MzG9Gx5G3ZTXtEQT4FJg23Cb3gS6UF982
14347.6209689258,155fzsEBHy9Ri2bMQ8uuuR3tv1YzcDywd4
15095.5635185241,1NuNJ7VjchtsU1e6zqXhBkzqv2m1E647Ln
15773.3082084607,1NDyJtNTjmwk5xPNhjgAMu4HDHigtobu1s
16070.6182870144,1Kd6zLb9iAjcrgq8HzWnoWNVLYYWjp3swA
16126.0974505236,1Cr7EjvS8C7gfarREHCvFhd9gT3r46pfLb
16291.6270029313,15xZvLJLAgxh8cxEmAbpx1H35oibHo5cLA
17572.0078871476,1PeizMg76Cf96nUQrYg8xuoZWLQozU5zGW
18109.2514052404,17rm2dvb439dZqyMe2d4D6AQJSgg6yeNRn
18590.7530174039,1KwA4fS4uVuCNjCtMivE7m5ATbv93UZg8V
19680.509018543,36BLG6VRXw4AQBC8RTVcdqh1XXBRtcRKkN
19917.6540848932,366EAbvBzrNnwZSTJJ4GiuS5neWjqsxb2T
20093.2360354464,16cMtdRsCssvkzFRCZULS66ursnLvBqU4T
20103.3373308787,14eQD1QQb8QFVG8YFwGz7skyzsvBLWLwJS
20916.5449818388,34y4eyYK3mUPoys9xz9QSEHKh2RG5iLDuZ
21722.8378233592,3HZUwxZbYRef9oEuvSvjgVMyZ227Hur7ng
22609.4198897354,36png4nUpGkCrYnRXNR4PMSRFEgGadmh8S
22685.8107501155,15UM5LKsgR3UyLaTLZkPudU7Joe1JnYWQo
22873.7096482301,153yuheqMotbbAxxXc8Ztwx73oSMyAB1wq
22900.6686946979,13cKZYW75zBPuW6xp8Pt5QTWFHQpXosP56
22969.3903520851,1JfoBz3smLAFxCMHXw155b4UE9FeYNBvCv
22992.6121235167,1A4WLCaR11ARbib283pnH8jy8s4TJEjjPz
22995.330769046,38UmuUqPCrFmQo4khkomQwZ4VbY2nZMJ67
22997.5690711167,1G1AndHMczVQYLGfYJzqkDjXrFifpMsTaZ
23070.1912427291,1J7fmT3Wv62u4p6FuwbVJQXhQE3HiH4AQs
23369.5550988341,16JNEdbSahSuPFv2rGKgsHoekQsTqEgF8d
23581.9683186702,33VukC9ReF5bkDvPNUTy5j6VEbzMc9JFt3
23727.5463339212,198mmEcqMgmjmi4pXi48hRaZyK5GaPDmJt
23843.2147436825,1N8emyFpMob6hDVhLiV1kTPiHBB8DQHWpp
24886.5632861988,1AdyNzoY6jYQszF6finfrhnLZ3yATnFnae
25055.9799249866,1JTseLw3XXPYDEM2PDnYt1n3iMqNEpc8qd
25191.403710571,1CFtF5D3Sc3H3yRcwiGh9pvQqmdQFPPd6i
25479.5335020975,12tkqA9xSoowkzoERHMWNKsTey55YEBqkv
25848.024545321,3Kzh9qAqVWQhEsfQz7zEQL1EuSx5tyNLNS
26865.9645227192,1J2dTQyF4htbBYM3iBobLVJgUgF6zMdSw1
26947.009789814,1GqaihzhS33G4kt7VKJ7UEL1ENaHazRS2k
27251.196975863,1FrKNGFCqZAV3y3n9HSswoSDX8ExKb2paD
27371.4107420348,13beT45wEmqWwcTnAPDsUrHqHDnwS1xrjf
27967.0412966876,3R1hBCHURkquAjFUv1eH5u2gXqooJkjg4B
28058.177445843,12ib7dApVFvg82TXKycWBNpN8kFyiAN1dr
28134.8962975669,15yoc6N7nYwUsrw9ya6UUxGLEhUdkg9FDQ
28298.1658589436,16FSBGvQfy4K8dYvPPWWpmzgKM6CvrCoVy
28302.1150295813,1KjcmwEJ2iNkjanGzN4jWauN2Rsdk65GGu
29406.2916027243,32GxivQN3VKtVEtgsH5uTWfXd5b2LkXyUZ
31678.4869728559,32ixB1aXiwgpHGHo27SMRSULajCdc7jq9Q
31849.5004311718,37x6JnDNhbsBw95bvEreB7WHWA74gGR17y
31943.9509183315,3CqBquEFMYY548fNBz8u2MBw3HKprS3Xft
32103.4246848813,3Ap6mixhHLmVtH41YHH94Ut4jBfmqRpzgQ
32194.7272406249,33VMRgxXZWgZGmGnGRZ9AEW8bZs8scMiY1
32315.6533822797,323ENWgPNZdzsm2d6CzEaPTFrvavn1giv5
32583.6192197916,17hf5H8D6Yc4B7zHEg3orAtKn7Jhme7Adx
39833.4876130005,1CiAzyf5JFxDUm28oBNxt3TMsTi1EW7CLZ
43897.5459722214,1Jh8THzSSQBZKYg8in5f6Sowsp3gxjjcpC
46870.3363659951,1AC4fMwgY8j9onSbXEWeH6Zan8QGMSdmtA
47970.3348294943,1JCe8z4jJVNXSjohjM4i9Hh813dLCNx2Sy
48766.8687622876,1LdRcdxfbSnmCYYNdeYpUnztiYzVfBEQeC
48801.3965042266,336xGpGweq1wtY4kRTuA4w6d7yDkBU9czU
50103.7558712918,3Cbq7aT1tY8kMxWLbitaG7yT6bPbKChq64
59948.209171442,1EBHA1ckUWzNKN7BMfDwGTx6GKEbADUozX
59950.0803199444,1DiHDQMPFu4p84rkLn6Majj2LCZZZRQUaa
60079.4961470292,1AhTjUMztCihiTyA4K6E3QEpobjWLwKhkR
60145.8079951992,1PnMfRF2enSZnR6JSexxBHuQnxG8Vo5FVK
62786.9274113359,1HQ3Go3ggs8pFnXuHVHRytPCq5fGG8Hbhx
62995.0040110279,18rnfoQgGo1HqvVQaAN4QnxjYE7Sez9eca
72369.2807725651,1FeexV6bAHb8ybZjqQMjJrcCrHGW9sb6uF
75438.6229650198,3Nxwenay9Z8Lc9JBiywExpnEFiLp6Afp8v
106050.666543659,16ftSEQ4ctQFDtVZiUBusQUjRrGhM3JYwe
116703.881826312,3D2oetdNuZUqQHPJmcMDDHYoqkyNVsFk9r
159481.453790774,16rCmCmbuWDhPjWTrpQGaU3EPdZF7MTdUk
